id,place,country,time,updated,year,month,day,day_of_week,mag,mag_flag,magType,depth,depth_flag,longitude,latitude,type,tsunami,sources,net,alert,felt,cdi,mmi,types,sig,code,ids,nst,dmin,rms,gap,status
pr2021151010,"3 km NNW of La Parguera, Puerto Rico","Puerto Rico","2021-05-31 23:57:10","2021-08-07 22:06:47",2021,5,31,Monday,3.42,strong,md,6,shallow,-67.0625,18.0051,earthquake,0,",pr,us,",pr,NULL,6,2.4,2.624,",dyfi,origin,phase-data,shakemap,",181,2021151010,",pr2021151010,us6000egfu,",23,0.0471,0.27,178,reviewed
us7000eba7,"82 km SW of Adak, Alaska",Alaska,"2021-05-31 23:54:58","2021-08-07 22:06:47",2021,5,31,Monday,3.4,strong,ml,45.27,shallow,-177.5717,51.4139,earthquake,0,",ak,us,",us,NULL,0,0,0,",origin,phase-data,",178,7000eba7,",ak0216y462r7,us7000eba7,",45.59407818144721,0.398,0.36,214,reviewed
us6000egf2,"off the east coast of Honshu, Japan",Japan,"2021-05-31 22:04:42","2025-12-22 19:01:28",2021,5,31,Monday,5.2,strong,mww,10,shallow,142.6369,33.1624,earthquake,0,",usauto,us,iscgem,",us,NULL,0,0,0,",internal-moment-tensor,moment-tensor,origin,phase-data,",416,6000egf2,",usauto6000egf2,us6000egf2,iscgem620448744,",45.59407818144721,2.369,0.81,33,reviewed
us7000e9h9,"65 km NNW of Bukittinggi, Indonesia",Indonesia,"2021-05-31 22:01:26","2021-08-07 22:06:46",2021,5,31,Monday,4.4,strong,mb,31.56,shallow,100.0959,0.214,earthquake,0,",us,",us,NULL,0,0,0,",origin,phase-data,",298,7000e9h9,",us7000e9h9,",45.59407818144721,0.95,0.78,145,reviewed
us7000e9h8,"Guam region","Guam region","2021-05-31 21:41:31","2021-08-07 22:06:46",2021,5,31,Monday,4.4,strong,mb,138.01,deep,144.8922,13.9341,earthquake,0,",us,",us,NULL,0,0,0,",origin,phase-data,",298,7000e9h8,",us7000e9h8,",45.59407818144721,0.343,0.85,63,reviewed
us6000eged,"53 km SSE of Mawlaik, Myanmar",Myanmar,"2021-05-31 19:49:34","2021-08-07 22:06:45",2021,5,31,Monday,4.4,strong,mb,111.49,deep,94.6949,23.2381,earthquake,0,",us,",us,NULL,0,0,0,",origin,phase-data,",298,6000eged,",us6000eged,",45.59407818144721,1.051,0.73,146,reviewed
us7000ebac,"72 km SSW of Unalaska, Alaska",Alaska,"2021-05-31 18:59:44","2021-08-07 22:06:45",2021,5,31,Monday,3.4,strong,ml,52.68,shallow,-166.8471,53.2535,earthquake,0,",ak,us,",us,NULL,0,0,0,",origin,phase-data,",178,7000ebac,",ak0216y17y2o,us7000ebac,",45.59407818144721,0.541,0.66,205,reviewed
pr2021151009,"6 km SW of Guánica, Puerto Rico","Puerto Rico","2021-05-31 18:37:01","2021-08-07 22:06:45",2021,5,31,Monday,3.37,strong,md,5,shallow,-66.949,17.9295,earthquake,0,",pr,us,",pr,NULL,2,3.4,0,",dyfi,origin,phase-data,",175,2021151009,",pr2021151009,us6000egdr,",21,0.178,0.27,210,reviewed
us6000egdm,"172 km S of Mukalla, Yemen",Yemen,"2021-05-31 18:05:09","2021-08-07 22:06:44",2021,5,31,Monday,4.2,strong,mb,10,shallow,49.4358,13.0091,earthquake,0,",us,",us,NULL,0,0,0,",origin,phase-data,",271,6000egdm,",us6000egdm,",45.59407818144721,6.605,0.71,144,reviewed
us6000egde,"68 km ESE of Jiufen, Taiwan",Taiwan,"2021-05-31 17:53:57","2021-08-07 22:06:44",2021,5,31,Monday,4.2,strong,mb,14.48,shallow,122.4545,24.8414,earthquake,0,",us,",us,NULL,0,0,0,",origin,phase-data,",271,6000egde,",us6000egde,",45.59407818144721,0.628,0.85,102,reviewed
hv72497697,"10 km NE of P?hala, Hawaii",Hawaii,"2021-05-31 15:59:19","2021-08-07 22:06:44",2021,5,31,Monday,3.41,strong,ml,32.24,shallow,-155.397833333333,19.2545,earthquake,0,",hv,us,",hv,NULL,20,3.1,4.066,",dyfi,origin,phase-data,shakemap,",185,72497697,",hv72497697,us6000egch,",59,3.184254625848399,0.12,97,reviewed
us7000e9h3,Tonga,Tonga,"2021-05-31 15:55:58","2021-08-07 22:06:44",2021,5,31,Monday,4.5,strong,mb,10,shallow,-174.3145,-16.5577,earthquake,0,",us,",us,NULL,0,0,0,",origin,phase-data,",312,7000e9h3,",us7000e9h3,",45.59407818144721,3.592,0.66,96,reviewed
pr2021151008,"3 km NW of Tallaboa, Puerto Rico","Puerto Rico","2021-05-31 15:23:15","2021-08-07 22:06:43",2021,5,31,Monday,3.1,strong,md,14,shallow,-66.7378,18.0155,earthquake,0,",pr,us,",pr,NULL,1,2.2,0,",dyfi,origin,phase-data,",148,2021151008,",pr2021151008,us6000egc5,",21,0.1344,0.17,146,reviewed
us6000egcc,"northern Mid-Atlantic Ridge","northern Mid-Atlantic Ridge","2021-05-31 15:19:27","2021-08-07 22:06:43",2021,5,31,Monday,4.7,strong,mb,10,shallow,-43.5399,28.6754,earthquake,0,",us,",us,NULL,0,0,0,",origin,phase-data,",340,6000egcc,",us6000egcc,",45.59407818144721,17.566,0.6,109,reviewed
us6000egbv,"Vanuatu region","Vanuatu region","2021-05-31 15:00:54","2021-08-07 22:06:43",2021,5,31,Monday,4.4,strong,mb,627.77,deep,171.528,-14.8479,earthquake,0,",us,",us,NULL,0,0,0,",origin,phase-data,",298,6000egbv,",us6000egbv,",45.59407818144721,4.218,0.48,60,reviewed
us6000egca,"northern Mid-Atlantic Ridge","northern Mid-Atlantic Ridge","2021-05-31 14:44:41","2021-08-07 22:06:43",2021,5,31,Monday,4.8,strong,mb,10,shallow,-43.6271,28.6341,earthquake,0,",us,",us,NULL,0,0,0,",origin,phase-data,",354,6000egca,",us6000egca,",45.59407818144721,18.53,0.57,109,reviewed
us7000e9h2,"34 km E of Luganville, Vanuatu",Vanuatu,"2021-05-31 14:40:20","2021-08-07 22:06:42",2021,5,31,Monday,4.4,strong,mb,103.93,deep,167.4785,-15.5558,earthquake,0,",us,",us,NULL,0,0,0,",origin,phase-data,",298,7000e9h2,",us7000e9h2,",45.59407818144721,0.286,0.6,150,reviewed
us6000egbp,"northern Mid-Atlantic Ridge","northern Mid-Atlantic Ridge","2021-05-31 14:38:56","2025-12-22 18:01:00",2021,5,31,Monday,5.2,strong,mww,10,shallow,-43.5863,28.6802,earthquake,0,",iscgem,us,",us,NULL,0,0,0,",origin,phase-data,",416,6000egbp,",iscgem620447336,us6000egbp,",45.59407818144721,18.552,0.73,67,reviewed
pr2021151007,"Puerto Rico region","Puerto Rico region","2021-05-31 14:28:55","2021-05-31 14:50:38",2021,5,31,Monday,3.15,strong,md,10,shallow,-66.9446,17.9841,earthquake,0,",pr,",pr,NULL,1,2,0,",dyfi,origin,phase-data,",153,2021151007,",pr2021151007,",19,0.1665,0.21,187,reviewed
us7000e9h6,"36 km S of Hihifo, Tonga",Tonga,"2021-05-31 14:25:09","2021-08-07 22:06:41",2021,5,31,Monday,4.4,strong,mb,80.05,deep,-173.763,-16.2806,earthquake,0,",us,",us,NULL,0,0,0,",origin,phase-data,",298,7000e9h6,",us7000e9h6,",45.59407818144721,3.036,0.47,138,reviewed
us6000egal,"60 km W of Corral, Chile",Chile,"2021-05-31 13:25:34","2021-08-07 22:06:41",2021,5,31,Monday,4.4,strong,mb,27.22,shallow,-74.1203,-39.9909,earthquake,0,",us,",us,NULL,1,1,0,",dyfi,origin,phase-data,",298,6000egal,",us6000egal,",45.59407818144721,0.545,0.5,151,reviewed
us7000e9gy,"142 km SW of Sibolga, Indonesia",Indonesia,"2021-05-31 12:17:06","2021-08-07 22:06:39",2021,5,31,Monday,4.4,strong,mb,52.06,shallow,97.9647,0.7491,earthquake,0,",us,",us,NULL,0,0,0,",origin,phase-data,",298,7000e9gy,",us7000e9gy,",45.59407818144721,0.674,0.93,156,reviewed
us6000eg9y,"South Shetland Islands","South Shetland Islands","2021-05-31 12:17:06","2021-08-07 22:06:39",2021,5,31,Monday,4.3,strong,mb,4.81,shallow,-58.1722,-62.3106,earthquake,0,",us,",us,NULL,0,0,0,",origin,phase-data,",284,6000eg9y,",us6000eg9y,",45.59407818144721,0.24,1.3,85,reviewed
ak0216xxdp9j,"75 km N of Chickaloon, Alaska",Alaska,"2021-05-31 12:14:45","2021-08-07 22:06:39",2021,5,31,Monday,4.6,strong,ml,44.1,shallow,-148.2829,62.467,earthquake,0,",ak,us,",ak,NULL,77,5,3.245,",dyfi,moment-tensor,origin,phase-data,shakemap,",364,0216xxdp9j,",ak0216xxdp9j,us6000eg9s,",45.59407818144721,3.184254625848399,0.95,121.80208981074368,reviewed
us6000eg9a,"12 km ENE of Tarata, Peru",Peru,"2021-05-31 11:15:54","2021-08-07 22:06:39",2021,5,31,Monday,4.5,strong,mb,17.03,shallow,-69.9175,-17.4437,earthquake,0,",us,",us,NULL,0,0,0,",origin,phase-data,",312,6000eg9a,",us6000eg9a,",45.59407818144721,0.441,0.93,118,reviewed
us6000eg98,"149 km WNW of Antofagasta, Chile",Chile,"2021-05-31 11:04:35","2021-08-07 22:06:38",2021,5,31,Monday,4.5,strong,mb,10,shallow,-71.8202,-23.363,earthquake,0,",us,",us,NULL,0,0,0,",origin,phase-data,",312,6000eg98,",us6000eg98,",45.59407818144721,1.172,0.74,118,reviewed
us6000eg8i,"32 km E of Christchurch, New Zealand","New Zealand","2021-05-31 09:47:23","2021-08-07 22:06:38",2021,5,31,Monday,4.4,strong,mb,10,shallow,173.0304,-43.5185,earthquake,0,",us,",us,NULL,0,0,0,",origin,phase-data,",298,6000eg8i,",us6000eg8i,",45.59407818144721,0.331,0.74,139,reviewed
us7000e9gv,"30 km WSW of Atico, Peru",Peru,"2021-05-31 09:31:25","2021-08-07 22:06:38",2021,5,31,Monday,4.2,strong,mb,50.2,shallow,-73.8921,-16.3029,earthquake,0,",us,",us,NULL,0,0,0,",origin,phase-data,",271,7000e9gv,",us7000e9gv,",45.59407818144721,5.156,0.84,142,reviewed
nc73567966,"14km WSW of Toms Place, CA",CA,"2021-05-31 09:06:14","2021-08-07 22:06:37",2021,5,31,Monday,3.44,strong,ml,4.9,shallow,-118.8263333,37.5226667,earthquake,0,",nc,us,",nc,NULL,27,4.6,3.321,",dyfi,focal-mechanism,nearby-cities,origin,phase-data,scitech-link,shakemap,",194,73567966,",nc73567966,us6000eg83,",35,0.06728,0.06,57,reviewed
ak0216xv67ct,"75 km N of Chickaloon, Alaska",Alaska,"2021-05-31 08:43:55","2021-08-07 22:06:37",2021,5,31,Monday,3.1,strong,ml,44.5,shallow,-148.257,62.4691,earthquake,0,",ak,us,",ak,NULL,1,2.2,0,",dyfi,origin,phase-data,",148,0216xv67ct,",ak0216xv67ct,us6000eg7p,",45.59407818144721,3.184254625848399,0.92,121.80208981074368,reviewed
ak0216xv35on,"74 km N of Chickaloon, Alaska",Alaska,"2021-05-31 08:29:37","2021-08-07 22:06:36",2021,5,31,Monday,3,strong,ml,43.9,shallow,-148.2595,62.4597,earthquake,0,",ak,us,",ak,NULL,1,2.2,0,",dyfi,origin,phase-data,",139,0216xv35on,",ak0216xv35on,us6000eg7f,",45.59407818144721,3.184254625848399,1.03,121.80208981074368,reviewed
us7000e9gs,"122 km ENE of Laikit, Laikit II (Dimembe), Indonesia",Indonesia,"2021-05-31 08:05:00","2021-08-07 22:06:35",2021,5,31,Monday,4.4,strong,mb,30.77,shallow,126.0557,1.7061,earthquake,0,",us,",us,NULL,0,0,0,",origin,phase-data,",298,7000e9gs,",us7000e9gs,",45.59407818144721,1.605,0.76,97,reviewed
us7000e9h0,"11 km SE of Taipei, Taiwan",Taiwan,"2021-05-31 07:53:45","2021-08-07 22:06:35",2021,5,31,Monday,4.3,strong,mb,40.32,shallow,121.626,24.9867,earthquake,0,",us,",us,NULL,0,0,0,",origin,phase-data,",284,7000e9h0,",us7000e9h0,",45.59407818144721,0.117,0.55,115,reviewed
ak0216xugns5,"69 km N of Chickaloon, Alaska",Alaska,"2021-05-31 07:24:36","2021-08-07 22:06:34",2021,5,31,Monday,3.1,strong,ml,40.6,shallow,-148.2549,62.4143,earthquake,0,",us,ak,",ak,NULL,0,0,0,",origin,phase-data,",148,0216xugns5,",us7000eb9s,ak0216xugns5,",45.59407818144721,3.184254625848399,0.65,121.80208981074368,reviewed
ak0216xugge8,"77 km N of Chickaloon, Alaska",Alaska,"2021-05-31 07:23:41","2021-08-07 22:06:34",2021,5,31,Monday,3.2,strong,ml,42.6,shallow,-148.2513,62.4813,earthquake,0,",ak,us,",ak,NULL,26,5,0,",dyfi,origin,phase-data,",171,0216xugge8,",ak0216xugge8,us6000eg6l,",45.59407818144721,3.184254625848399,0.81,121.80208981074368,reviewed
ak0216xud7xv,"77 km N of Chickaloon, Alaska",Alaska,"2021-05-31 07:08:32","2021-08-07 22:06:33",2021,5,31,Monday,3,strong,ml,44.2,shallow,-148.2765,62.4856,earthquake,0,",ak,us,",ak,NULL,16,4.6,0,",dyfi,origin,phase-data,",146,0216xud7xv,",ak0216xud7xv,us6000egeb,",45.59407818144721,3.184254625848399,0.75,121.80208981074368,reviewed
ak0216xucbaz,"76 km N of Chickaloon, Alaska",Alaska,"2021-05-31 07:04:08","2021-08-07 22:06:33",2021,5,31,Monday,3.4,strong,ml,49.9,shallow,-148.2201,62.4762,earthquake,0,",ak,us,",ak,NULL,1,4.3,0,",dyfi,origin,phase-data,",178,0216xucbaz,",ak0216xucbaz,us7000eb9p,",45.59407818144721,3.184254625848399,0.48,121.80208981074368,reviewed
ak0216xuc6y5,"73 km N of Chickaloon, Alaska",Alaska,"2021-05-31 07:03:52","2021-08-07 22:06:32",2021,5,31,Monday,3.8,strong,ml,42,shallow,-148.248,62.4493,earthquake,0,",ak,us,",ak,NULL,10,5.9,0,",dyfi,origin,phase-data,",228,0216xuc6y5,",ak0216xuc6y5,us7000eb9n,",45.59407818144721,3.184254625848399,0.58,121.80208981074368,reviewed
ak0216xu2rod,"73 km N of Chickaloon, Alaska",Alaska,"2021-05-31 06:59:56","2025-12-29 21:12:17",2021,5,31,Monday,6.1,destructive,mww,44,shallow,-148.2512,62.4492,earthquake,1,",ak,iscgem,ak,at,us,usauto,pt,",ak,green,4618,5.8,5.918,",associate,dyfi,ground-failure,impact-link,impact-text,internal-moment-tensor,internal-origin,losspager,moment-tensor,origin,phase-data,shakemap,trump-shakemap,",1152,0216xu2rod,",akak0216xu2rod,iscgem620445810,ak0216xu2rod,at00qtym3v,us6000eg52,usauto6000eg52,pt21151001,",45.59407818144721,3.184254625848399,0.87,121.80208981074368,reviewed
ak0216xu18sb,"47 km WNW of Valdez, Alaska",Alaska,"2021-05-31 06:52:44","2021-08-07 22:06:32",2021,5,31,Monday,3,strong,ml,14.9,shallow,-147.1241,61.3322,earthquake,0,",ak,us,",ak,NULL,22,4.7,0,",dyfi,origin,phase-data,",149,0216xu18sb,",ak0216xu18sb,us6000eg50,",45.59407818144721,3.184254625848399,1.11,121.80208981074368,reviewed
pr2021151002,"5 km WSW of Guánica, Puerto Rico","Puerto Rico","2021-05-31 06:42:26","2021-06-01 05:20:35",2021,5,31,Monday,3.11,strong,md,11,shallow,-66.9578,17.946,earthquake,0,",pr,",pr,green,25,4.3,3.096,",dyfi,losspager,origin,phase-data,shakemap,",160,2021151002,",pr2021151002,",21,0.1634,0.07,210,reviewed
us6000eg4q,"10 km S of Káto Pýrgos, Cyprus",Cyprus,"2021-05-31 06:23:39","2022-08-09 05:17:37",2021,5,31,Monday,4.4,strong,mb,52.02,shallow,32.6954,35.0891,earthquake,0,",us,",us,NULL,12,3.4,0,",dyfi,origin,phase-data,",302,6000eg4q,",us6000eg4q,",45.59407818144721,0.537,0.63,111,reviewed
us6000eg4l,"63 km ESE of Jiufen, Taiwan",Taiwan,"2021-05-31 06:03:39","2021-08-07 22:06:31",2021,5,31,Monday,4.3,strong,mb,10,shallow,122.4157,24.8753,earthquake,0,",us,",us,NULL,0,0,0,",origin,phase-data,",284,6000eg4l,",us6000eg4l,",45.59407818144721,0.677,0.74,98,reviewed
us7000e9gw,"Kermadec Islands region","Kermadec Islands region","2021-05-31 05:49:49","2021-08-07 22:06:31",2021,5,31,Monday,4.5,strong,mb,10,shallow,-177.1462,-28.2289,earthquake,0,",us,",us,NULL,0,0,0,",origin,phase-data,",312,7000e9gw,",us7000e9gw,",45.59407818144721,10.059,0.43,108,reviewed
us7000e9gn,"27 km ESE of Pondaguitan, Philippines",Philippines,"2021-05-31 05:45:19","2021-08-07 22:06:31",2021,5,31,Monday,4.7,strong,mb,162.13,deep,126.4001,6.2555,earthquake,0,",us,",us,NULL,0,0,0,",origin,phase-data,",340,7000e9gn,",us7000e9gn,",45.59407818144721,1.148,0.49,90,reviewed
us7000e9gp,"Pacific-Antarctic Ridge","Pacific-Antarctic Ridge","2021-05-31 05:42:42","2025-12-22 19:02:28",2021,5,31,Monday,4.9,strong,mb,10,shallow,-143.4057,-56.2012,earthquake,0,",iscgem,us,",us,NULL,0,0,0,",origin,phase-data,",369,7000e9gp,",iscgem620511925,us7000e9gp,",45.59407818144721,27.527,0.56,78,reviewed
pr2021151000,"2 km E of Magas Arriba, Puerto Rico","Puerto Rico","2021-05-31 05:18:39","2021-08-07 22:06:30",2021,5,31,Monday,4.2,strong,mb,15,shallow,-66.741,18.0155,earthquake,0,",us,pr,pt,",pr,green,25,5.7,3.589,",dyfi,internal-origin,losspager,moment-tensor,origin,phase-data,shakemap,",286,2021151000,",us6000eg4g,pr2021151000,pt21151000,",22,0.1375,0.13,147,reviewed
us7000e9gm,"76 km SW of Brisas Barra de Suchiate, Mexico",Mexico,"2021-05-31 04:52:46","2021-08-07 22:06:30",2021,5,31,Monday,4.2,strong,mb,13.72,shallow,-92.7861,14.108,earthquake,0,",us,",us,NULL,0,0,0,",origin,phase-data,",271,7000e9gm,",us7000e9gm,",45.59407818144721,0.941,0.85,176,reviewed
us6000eg46,"17 km WNW of Dhekiajuli, India",India,"2021-05-31 04:20:49","2021-08-07 22:06:30",2021,5,31,Monday,4.2,strong,mb,34.13,shallow,92.3186,26.7632,earthquake,0,",us,",us,NULL,2,2,0,",dyfi,origin,phase-data,",272,6000eg46,",us6000eg46,",45.59407818144721,1.261,0.64,86,reviewed
us7000e9hb,"northern Mid-Atlantic Ridge","northern Mid-Atlantic Ridge","2021-05-31 04:16:56","2021-08-07 22:06:30",2021,5,31,Monday,4.3,strong,mb,10,shallow,-43.5919,28.7005,earthquake,0,",us,",us,NULL,0,0,0,",origin,phase-data,",284,7000e9hb,",us7000e9hb,",45.59407818144721,40.888,0.47,115,reviewed
us7000e9gl,"northern Mid-Atlantic Ridge","northern Mid-Atlantic Ridge","2021-05-31 04:15:21","2021-08-07 22:06:29",2021,5,31,Monday,4.4,strong,mb,10,shallow,-43.6653,28.6577,earthquake,0,",us,",us,NULL,0,0,0,",origin,phase-data,",298,7000e9gl,",us7000e9gl,",45.59407818144721,37.513,0.68,96,reviewed
us6000eg43,"75 km W of Te Anau, New Zealand","New Zealand","2021-05-31 04:09:02","2025-12-22 19:01:24",2021,5,31,Monday,4.9,strong,mwr,24.41,shallow,166.7555,-45.3501,earthquake,0,",us,iscgem,",us,green,15,7.5,4.519,",dyfi,losspager,moment-tensor,origin,phase-data,shakemap,",381,6000eg43,",us6000eg43,iscgem620445802,",45.59407818144721,0.302,1.06,58,reviewed
us7000e9gu,"211 km ENE of Petropavlovsk-Kamchatsky, Russia",Russia,"2021-05-31 03:25:52","2021-08-07 22:06:29",2021,5,31,Monday,4.4,strong,mb,10,shallow,161.6373,53.6981,earthquake,0,",us,",us,NULL,0,0,0,",origin,phase-data,",298,7000e9gu,",us7000e9gu,",45.59407818144721,1.913,1.09,113,reviewed
us7000e9gt,"68 km SSE of Dampit, Indonesia",Indonesia,"2021-05-31 03:24:31","2021-08-07 22:06:29",2021,5,31,Monday,4,strong,mb,83.43,deep,112.9834,-8.7891,earthquake,0,",us,",us,NULL,0,0,0,",origin,phase-data,",246,7000e9gt,",us7000e9gt,",45.59407818144721,1.198,0.86,89,reviewed
us7000e9gk,"121 km WSW of Ternate, Indonesia",Indonesia,"2021-05-31 03:01:26","2021-08-07 22:06:28",2021,5,31,Monday,4.4,strong,mb,37.2,shallow,126.3752,0.3734,earthquake,0,",us,",us,NULL,0,0,0,",origin,phase-data,",298,7000e9gk,",us7000e9gk,",45.59407818144721,1.067,0.47,91,reviewed
us6000eg3x,"293 km SW of Severo-Kuril’sk, Russia",Russia,"2021-05-31 02:55:44","2021-08-07 22:06:28",2021,5,31,Monday,4.8,strong,mb,160.3,deep,153.3235,48.7651,earthquake,0,",us,",us,NULL,0,0,0,",origin,phase-data,",354,6000eg3x,",us6000eg3x,",45.59407818144721,5.153,0.61,73,reviewed
us6000eg3w,"134 km WSW of Ternate, Indonesia",Indonesia,"2021-05-31 02:54:11","2021-08-07 22:06:28",2021,5,31,Monday,4.8,strong,mb,44.3,shallow,126.3126,0.2224,earthquake,0,",us,",us,NULL,0,0,0,",origin,phase-data,",354,6000eg3w,",us6000eg3w,",45.59407818144721,1.186,0.83,48,reviewed
us7000e9gr,"128 km WSW of Ternate, Indonesia",Indonesia,"2021-05-31 02:51:12","2021-08-07 22:06:28",2021,5,31,Monday,4.5,strong,mb,24.82,shallow,126.3256,0.3226,earthquake,0,",us,",us,NULL,0,0,0,",origin,phase-data,",312,7000e9gr,",us7000e9gr,",45.59407818144721,1.132,1.21,69,reviewed
us7000e9gj,"20 km WSW of Calongbuyan, Philippines",Philippines,"2021-05-31 02:48:07","2021-08-07 22:06:27",2021,5,31,Monday,4.5,strong,mb,10,shallow,120.2398,17.1162,earthquake,0,",us,",us,NULL,0,0,0,",origin,phase-data,",312,7000e9gj,",us7000e9gj,",45.59407818144721,6.163,0.83,272,reviewed
us6000eg3u,"228 km N of Tobelo, Indonesia",Indonesia,"2021-05-31 02:43:09","2021-08-07 22:06:27",2021,5,31,Monday,4.6,strong,mb,102.33,deep,127.9669,3.7909,earthquake,0,",us,",us,NULL,0,0,0,",origin,phase-data,",326,6000eg3u,",us6000eg3u,",45.59407818144721,3.058,0.72,103,reviewed
us7000e9gq,"8 km NNE of Jordán, Colombia",Colombia,"2021-05-31 02:36:22","2021-08-07 22:06:27",2021,5,31,Monday,4.1,strong,mb,147.27,deep,-73.064,6.8076,earthquake,0,",us,",us,NULL,0,0,0,",origin,phase-data,",259,7000e9gq,",us7000e9gq,",45.59407818144721,0.909,0.82,59,reviewed
us6000eg3s,"26 km WNW of Stanley, Idaho",Idaho,"2021-05-31 02:27:52","2022-08-09 05:17:09",2021,5,31,Monday,3.2,strong,ml,10,shallow,-115.2141,44.343,earthquake,0,",us,mb,",us,NULL,3,2.7,0,",dyfi,origin,phase-data,",158,6000eg3s,",us6000eg3s,mb80507024,",45.59407818144721,0.931,0.77,84,reviewed
us7000e9gi,"near the coast of Chiapas, Mexico",Mexico,"2021-05-31 01:36:32","2021-08-07 22:06:26",2021,5,31,Monday,4.2,strong,mb,10,shallow,-92.7522,14.0481,earthquake,0,",us,",us,NULL,0,0,0,",origin,phase-data,",271,7000e9gi,",us7000e9gi,",45.59407818144721,0.976,0.96,169,reviewed
ak0216xqujt1,"28 km ESE of Susitna North, Alaska",Alaska,"2021-05-31 01:17:33","2021-08-07 22:06:26",2021,5,31,Monday,3.3,strong,ml,38.6,shallow,-149.3524,62.0629,earthquake,0,",us,ak,",ak,NULL,11,2.7,0,",dyfi,origin,phase-data,",171,0216xqujt1,",us6000eg3k,ak0216xqujt1,",45.59407818144721,3.184254625848399,0.83,121.80208981074368,reviewed
us6000eg3i,"101 km NNW of Nuku‘alofa, Tonga",Tonga,"2021-05-31 00:48:43","2025-12-22 19:06:57",2021,5,31,Monday,5.2,strong,mww,137.4,deep,-175.533,-20.277,earthquake,0,",usauto,at,iscgem,us,",us,NULL,0,0,0,",internal-moment-tensor,internal-origin,origin,phase-data,",416,6000eg3i,",usauto6000eg3i,at00qty4x9,iscgem625580697,us6000eg3i,",45.59407818144721,6.43,0.79,41,reviewed
us7000e9ge,"195 km ENE of Levuka, Fiji",Fiji,"2021-05-31 00:36:03","2021-08-07 22:06:25",2021,5,31,Monday,4.2,strong,mb,554.15,deep,-178.9052,-17.5973,earthquake,0,",us,",us,NULL,0,0,0,",origin,phase-data,",271,7000e9ge,",us7000e9ge,",45.59407818144721,2.903,0.42,166,reviewed
us6000eg3b,"136 km WSW of Gorontalo, Indonesia",Indonesia,"2021-05-31 00:15:57","2021-08-07 22:06:25",2021,5,31,Monday,4.5,strong,mb,225.34,deep,121.8892,0.1676,earthquake,0,",us,",us,NULL,0,0,0,",origin,phase-data,",312,6000eg3b,",us6000eg3b,",45.59407818144721,5.572,0.37,118,reviewed
us6000eg3a,"Southern Qinghai, China",China,"2021-05-31 00:12:13","2021-08-07 22:06:24",2021,5,31,Monday,4.5,strong,mb,12.39,shallow,98.5965,34.4973,earthquake,0,",us,",us,NULL,0,0,0,",origin,phase-data,",312,6000eg3a,",us6000eg3a,",45.59407818144721,4.42,0.49,35,reviewed
us6000eg38,"56 km SE of Calana, Peru",Peru,"2021-05-31 00:01:13","2021-08-07 22:06:24",2021,5,31,Monday,4.4,strong,mwr,130.2,deep,-69.7639,-18.2572,earthquake,0,",us,",us,NULL,1,1,0,",dyfi,origin,phase-data,",298,6000eg38,",us6000eg38,",45.59407818144721,0.56,0.63,73,reviewed
us6000eg2r,"265 km NE of Lospalos, Timor Leste","Timor Leste","2021-05-30 21:35:27","2021-08-07 22:06:24",2021,5,30,Sunday,4.4,strong,mb,242.03,deep,128.6502,-6.7721,earthquake,0,",us,",us,NULL,0,0,0,",origin,phase-data,",298,6000eg2r,",us6000eg2r,",45.59407818144721,2.889,0.74,44,reviewed
us6000eg2l,"23 km SE of Achanizo, Peru",Peru,"2021-05-30 20:51:08","2021-08-07 22:06:22",2021,5,30,Sunday,4.7,strong,mb,57.98,shallow,-73.8133,-15.9533,earthquake,0,",us,",us,NULL,2,3.4,0,",dyfi,origin,phase-data,",341,6000eg2l,",us6000eg2l,",45.59407818144721,4.097,1.29,143,reviewed
us6000egs4,"Pacific-Antarctic Ridge","Pacific-Antarctic Ridge","2021-05-30 20:47:51","2025-12-22 19:01:27",2021,5,30,Sunday,5.9,strong,mww,10,shallow,-140.7099,-56.8256,earthquake,0,",us,iscgem,",us,green,0,0,0,",losspager,moment-tensor,origin,phase-data,shakemap,",536,6000egs4,",us6000egs4,iscgem620447324,",45.59407818144721,27.476,0.75,86,reviewed
us6000eg2m,"61 km NW of Yonakuni, Japan",Japan,"2021-05-30 20:47:44","2021-08-07 22:06:22",2021,5,30,Sunday,4.4,strong,mb,10,shallow,122.5846,24.866,earthquake,0,",us,",us,NULL,0,0,0,",origin,phase-data,",298,6000eg2m,",us6000eg2m,",45.59407818144721,0.555,0.84,106,reviewed
us6000eg2i,"64 km ESE of Jiufen, Taiwan",Taiwan,"2021-05-30 20:35:50","2021-08-07 22:06:21",2021,5,30,Sunday,4.6,strong,mb,10,shallow,122.4236,24.8591,earthquake,0,",us,",us,NULL,0,0,0,",origin,phase-data,",326,6000eg2i,",us6000eg2i,",45.59407818144721,0.661,1.19,80,reviewed
us6000eg2b,"Izu Islands, Japan region","Japan region","2021-05-30 19:48:47","2021-08-07 22:06:21",2021,5,30,Sunday,4.9,strong,mb,91.32,deep,140.3537,31.75,earthquake,0,",us,",us,NULL,0,0,0,",origin,phase-data,",369,6000eg2b,",us6000eg2b,",45.59407818144721,1.435,1.08,89,reviewed
us6000eg29,"101 km SE of Kuril’sk, Russia",Russia,"2021-05-30 19:19:50","2021-08-07 22:06:21",2021,5,30,Sunday,4.4,strong,mb,10,shallow,148.6013,44.469,earthquake,0,",us,",us,NULL,0,0,0,",origin,phase-data,",298,6000eg29,",us6000eg29,",45.59407818144721,4.327,0.5,179,reviewed
ak0216wdg75p,"160 km SSE of Akhiok, Alaska",Alaska,"2021-05-30 18:20:19","2021-08-07 22:06:21",2021,5,30,Sunday,3.1,strong,ml,3.6,shallow,-153.249,55.5939,earthquake,0,",ak,us,",ak,NULL,1,2,0,",dyfi,origin,phase-data,",148,0216wdg75p,",ak0216wdg75p,us6000egu4,",45.59407818144721,3.184254625848399,0.58,121.80208981074368,automatic
us7000e9fa,"southern East Pacific Rise","southern East Pacific Rise","2021-05-30 18:08:59","2021-08-07 22:06:20",2021,5,30,Sunday,4.6,strong,mb,10,shallow,-115.7576,-23.9535,earthquake,0,",us,",us,NULL,0,0,0,",origin,phase-data,",326,7000e9fa,",us7000e9fa,",45.59407818144721,6.542,0.84,180,reviewed
us6000eg1q,"45 km E of Atka, Alaska",Alaska,"2021-05-30 18:07:24","2021-08-07 22:06:20",2021,5,30,Sunday,4.2,strong,mb,147.63,deep,-173.5345,52.2061,earthquake,0,",ak,us,",us,NULL,0,0,0,",origin,phase-data,",271,6000eg1q,",ak0216wddevi,us6000eg1q,",45.59407818144721,0.353,0.61,192,reviewed
us7000e9f7,"Santa Cruz Islands region","Santa Cruz Islands region","2021-05-30 17:50:34","2021-08-07 22:06:20",2021,5,30,Sunday,4.5,strong,mb,52.18,shallow,164.1434,-10.8757,earthquake,0,",us,",us,NULL,0,0,0,",origin,phase-data,",312,7000e9f7,",us7000e9f7,",45.59407818144721,4.37,0.56,160,reviewed
us6000eg1m,"southern East Pacific Rise","southern East Pacific Rise","2021-05-30 17:14:28","2021-08-07 22:06:20",2021,5,30,Sunday,5.3,strong,mb,10,shallow,-115.9153,-24.4587,earthquake,0,",us,",us,NULL,2,1,0,",dyfi,origin,phase-data,",432,6000eg1m,",us6000eg1m,",45.59407818144721,41.046,0.92,86,reviewed
us6000eg1d,"southern East Pacific Rise","southern East Pacific Rise","2021-05-30 16:59:55","2021-08-07 22:06:19",2021,5,30,Sunday,5.1,strong,mb,10,shallow,-116.0248,-24.356,earthquake,0,",us,",us,NULL,1,1,0,",dyfi,origin,phase-data,",400,6000eg1d,",us6000eg1d,",45.59407818144721,6.633,0.98,62,reviewed
us6000eg16,"Banda Sea","Banda Sea","2021-05-30 16:36:03","2021-08-07 22:06:19",2021,5,30,Sunday,4.8,strong,mb,137.45,deep,129.9608,-6.4257,earthquake,0,",us,",us,NULL,0,0,0,",origin,phase-data,",354,6000eg16,",us6000eg16,",45.59407818144721,2.038,0.55,68,reviewed
us7000e9f5,"71 km NNW of Yonakuni, Japan",Japan,"2021-05-30 16:26:32","2021-08-07 22:06:19",2021,5,30,Sunday,4.4,strong,mb,10,shallow,122.641,25.0267,earthquake,0,",us,",us,NULL,0,0,0,",origin,phase-data,",298,7000e9f5,",us7000e9f5,",45.59407818144721,0.65,0.55,126,reviewed
us6000eg0q,"68 km ESE of Jiufen, Taiwan",Taiwan,"2021-05-30 15:21:56","2021-08-07 22:06:18",2021,5,30,Sunday,4.2,strong,mb,10,shallow,122.5106,24.9846,earthquake,0,",us,",us,NULL,0,0,0,",origin,phase-data,",271,6000eg0q,",us6000eg0q,",45.59407818144721,0.687,0.8,163,reviewed
us7000e9f3,"150 km SSW of ?yama, Japan",Japan,"2021-05-30 15:21:11","2021-08-07 22:06:18",2021,5,30,Sunday,4,strong,mb,357.09,deep,137.8614,33.2831,earthquake,0,",us,",us,NULL,0,0,0,",origin,phase-data,",246,7000e9f3,",us7000e9f3,",45.59407818144721,1.416,0.32,84,reviewed
us7000e9ff,"100 km SSE of Lata, Solomon Islands","Solomon Islands","2021-05-30 15:15:34","2021-08-07 22:06:18",2021,5,30,Sunday,4.6,strong,mb,64.35,shallow,166.2459,-11.5173,earthquake,0,",us,",us,NULL,0,0,0,",origin,phase-data,",326,7000e9ff,",us7000e9ff,",45.59407818144721,6.529,0.64,59,reviewed
us7000e9fl,"43 km E of Luganville, Vanuatu",Vanuatu,"2021-05-30 15:14:54","2021-08-07 22:06:18",2021,5,30,Sunday,4.5,strong,mb,140.28,deep,167.5621,-15.5941,earthquake,0,",us,",us,NULL,0,0,0,",origin,phase-data,",312,7000e9fl,",us7000e9fl,",45.59407818144721,5.831,0.46,207,reviewed
us6000eg0l,"62 km NW of Yonakuni, Japan",Japan,"2021-05-30 15:07:19","2021-08-07 22:06:17",2021,5,30,Sunday,4.8,strong,mb,7.78,shallow,122.5273,24.8285,earthquake,0,",us,",us,NULL,0,0,0,",origin,phase-data,",354,6000eg0l,",us6000eg0l,",45.59407818144721,0.568,0.81,61,reviewed
us6000eg0k,"63 km NW of Yonakuni, Japan",Japan,"2021-05-30 14:58:33","2021-08-07 22:06:17",2021,5,30,Sunday,4.8,strong,mb,5.61,shallow,122.5856,24.8926,earthquake,0,",us,",us,NULL,0,0,0,",origin,phase-data,",354,6000eg0k,",us6000eg0k,",45.59407818144721,0.573,0.67,59,reviewed
us7000e9fb,"63 km NW of Yonakuni, Japan",Japan,"2021-05-30 14:56:27","2021-08-07 22:06:17",2021,5,30,Sunday,4.5,strong,mb,7.85,shallow,122.5849,24.8971,earthquake,0,",us,",us,NULL,0,0,0,",origin,phase-data,",312,7000e9fb,",us7000e9fb,",45.59407818144721,0.577,0.3,115,reviewed
us6000eg0i,"91 km ESE of Arica, Chile",Chile,"2021-05-30 14:54:25","2021-08-07 22:06:17",2021,5,30,Sunday,4.3,strong,mb,115.58,deep,-69.5459,-18.8779,earthquake,0,",us,",us,NULL,0,0,0,",origin,phase-data,",284,6000eg0i,",us6000eg0i,",45.59407818144721,0.786,0.24,90,reviewed
pr2021150002,"91 km N of Hatillo, Puerto Rico","Puerto Rico","2021-05-30 14:23:28","2021-05-31 05:39:40",2021,5,30,Sunday,3.23,strong,md,16,shallow,-66.703,19.3013,earthquake,0,",pr,",pr,NULL,0,1,0,",dyfi,origin,phase-data,",161,2021150002,",pr2021150002,",17,0.8423,0.2,226,reviewed
us7000e9f2,"Bonin Islands, Japan region","Japan region","2021-05-30 13:38:32","2021-08-07 22:06:16",2021,5,30,Sunday,4.3,strong,mb,531.73,deep,140.2426,27.2729,earthquake,0,",us,",us,NULL,0,0,0,",origin,phase-data,",284,7000e9f2,",us7000e9f2,",45.59407818144721,1.738,0.47,61,reviewed
us6000eg05,"Bonin Islands, Japan region","Japan region","2021-05-30 13:33:29","2025-12-22 19:01:23",2021,5,30,Sunday,5.4,strong,mww,526.26,deep,139.808,27.228,earthquake,0,",usauto,pt,us,iscgem,",us,green,0,0,1,",internal-moment-tensor,internal-origin,losspager,origin,phase-data,shakemap,",449,6000eg05,",usauto6000eg05,pt21150001,us6000eg05,iscgem620445664,",45.59407818144721,2.121,0.66,28,reviewed
us7000e9f8,"South Sandwich Islands region","South Sandwich Islands region","2021-05-30 12:43:51","2021-08-07 22:06:16",2021,5,30,Sunday,4.6,strong,mb,104.82,deep,-27.389,-56.182,earthquake,0,",us,",us,NULL,0,0,0,",origin,phase-data,",326,7000e9f8,",us7000e9f8,",45.59407818144721,5.543,0.74,80,reviewed
us6000efzu,"38 km NW of Yonakuni, Japan",Japan,"2021-05-30 12:31:32","2021-08-07 22:06:15",2021,5,30,Sunday,4.1,strong,mb,10,shallow,122.7047,24.6904,earthquake,0,",us,",us,NULL,0,0,0,",origin,phase-data,",259,6000efzu,",us6000efzu,",45.59407818144721,0.356,0.4,101,reviewed
us7000e9f4,"southeast of the Loyalty Islands","southeast of the Loyalty Islands","2021-05-30 12:14:57","2021-08-07 22:06:15",2021,5,30,Sunday,4,strong,mb,10,shallow,171.369,-23.2485,earthquake,0,",us,",us,NULL,0,0,0,",origin,phase-data,",246,7000e9f4,",us7000e9f4,",45.59407818144721,3.671,0.89,130,reviewed
us6000efzv,"Kermadec Islands region","Kermadec Islands region","2021-05-30 12:04:08","2021-08-07 22:06:15",2021,5,30,Sunday,4.7,strong,mb,10,shallow,-176.138,-29.4912,earthquake,0,",us,",us,NULL,0,0,0,",origin,phase-data,",340,6000efzv,",us6000efzv,",45.59407818144721,10.737,0.89,127,reviewed
us6000efzd,"46 km SW of Adak, Alaska",Alaska,"2021-05-30 10:56:45","2021-08-07 22:06:14",2021,5,30,Sunday,4.2,strong,mb,47.69,shallow,-177.1152,51.5866,earthquake,0,",us,ak,",us,NULL,0,1,0,",dyfi,origin,phase-data,",271,6000efzd,",us6000efzd,ak0216w8whiw,",45.59407818144721,0.189,0.56,178,reviewed
hv72495322,"18 km WNW of Kalaoa, Hawaii",Hawaii,"2021-05-30 09:13:46","2021-08-07 22:06:14",2021,5,30,Sunday,3.2,strong,md,42.28,shallow,-156.144166666667,19.7866666666667,earthquake,0,",hv,us,",hv,NULL,7,2.2,0,",dyfi,origin,phase-data,",159,72495322,",hv72495322,us6000efyx,",62,3.184254625848399,0.12,202,reviewed
us7000e9f0,"south of the Fiji Islands","south of the Fiji Islands","2021-05-30 09:12:03","2021-08-07 22:06:14",2021,5,30,Sunday,4.4,strong,mb,533.43,deep,-179.6635,-23.2591,earthquake,0,",us,",us,NULL,0,0,0,",origin,phase-data,",298,7000e9f0,",us7000e9f0,",45.59407818144721,5.888,0.94,170,reviewed
ak0216w7pe9b,"50 km WNW of Nanwalek, Alaska",Alaska,"2021-05-30 08:55:39","2021-08-07 22:06:13",2021,5,30,Sunday,3.7,strong,ml,81.9,deep,-152.679,59.5951,earthquake,0,",us,ak,",ak,NULL,6,3.8,2.286,",dyfi,origin,phase-data,shakemap,",213,0216w7pe9b,",us6000efyt,ak0216w7pe9b,",45.59407818144721,3.184254625848399,0.58,121.80208981074368,reviewed
us6000efyu,"16 km WSW of Dhekiajuli, India",India,"2021-05-30 08:53:08","2021-08-07 22:06:13",2021,5,30,Sunday,4.4,strong,mb,52.85,shallow,92.326,26.6343,earthquake,0,",us,",us,NULL,4,2.9,0,",dyfi,origin,phase-data,",299,6000efyu,",us6000efyu,",45.59407818144721,1.144,0.57,113,reviewed
us6000efys,"63 km SW of Niquero, Cuba",Cuba,"2021-05-30 08:29:48","2021-08-07 22:06:13",2021,5,30,Sunday,4,strong,mb,10,shallow,-77.9842,19.6178,earthquake,0,",us,",us,NULL,1,2,0,",dyfi,origin,phase-data,",246,6000efys,",us6000efys,",45.59407818144721,1.52,0.64,59,reviewed
us6000efy8,"Southern Qinghai, China",China,"2021-05-30 06:55:16","2025-12-22 19:01:21",2021,5,30,Sunday,5,strong,mww,10,shallow,98.3313,34.5921,earthquake,0,",iscgem,us,",us,NULL,0,0,0,",origin,phase-data,",385,6000efy8,",iscgem620445586,us6000efy8,",45.59407818144721,7.813,0.42,24,reviewed
us7000e9ey,"62 km S of Isangel, Vanuatu",Vanuatu,"2021-05-30 06:06:37","2021-08-07 22:06:12",2021,5,30,Sunday,4.5,strong,mb,37.76,shallow,169.3343,-20.1066,earthquake,0,",us,",us,NULL,0,0,0,",origin,phase-data,",312,7000e9ey,",us7000e9ey,",45.59407818144721,3.052,0.41,141,reviewed
us7000e9ex,"south of the Fiji Islands","south of the Fiji Islands","2021-05-30 06:03:56","2021-08-07 22:06:11",2021,5,30,Sunday,4.4,strong,mb,599.43,deep,-179.539,-22.3674,earthquake,0,",us,",us,NULL,0,0,0,",origin,phase-data,",298,7000e9ex,",us7000e9ex,",45.59407818144721,5.125,0.61,122,reviewed
us7000e9ev,"Pacific-Antarctic Ridge","Pacific-Antarctic Ridge","2021-05-30 05:41:25","2025-12-22 19:01:20",2021,5,30,Sunday,4.7,strong,mb,10,shallow,-140.9077,-57.0026,earthquake,0,",iscgem,us,",us,NULL,0,0,0,",origin,phase-data,",340,7000e9ev,",iscgem620445585,us7000e9ev,",45.59407818144721,33.155,0.25,97,reviewed
us6000efxs,"113 km SE of Perryville, Alaska",Alaska,"2021-05-30 05:37:42","2021-08-07 22:06:11",2021,5,30,Sunday,3.5,strong,mb,40.05,shallow,-157.8783,55.1826,earthquake,0,",us,",us,NULL,0,0,0,",origin,phase-data,",188,6000efxs,",us6000efxs,",45.59407818144721,1.046,0.4,150,reviewed
us6000efxi,"Southern Qinghai, China",China,"2021-05-30 04:50:10","2025-12-22 19:01:19",2021,5,30,Sunday,5.1,strong,mb,10,shallow,98.1957,34.6242,earthquake,0,",iscgem,us,",us,NULL,0,0,0,",origin,phase-data,",400,6000efxi,",iscgem620445582,us6000efxi,",45.59407818144721,4.69,0.78,65,reviewed
us6000efx7,"265 km E of Levuka, Fiji",Fiji,"2021-05-30 03:55:14","2025-12-22 19:01:43",2021,5,30,Sunday,5.3,strong,mww,520.76,deep,-178.1801,-18.0509,earthquake,0,",usauto,pt,iscgem,us,",us,NULL,0,0,0,",internal-moment-tensor,internal-origin,origin,phase-data,",432,6000efx7,",usauto6000efx7,pt21150000,iscgem620489000,us6000efx7,",45.59407818144721,3.599,1.16,44,reviewed
us6000efx1,"164 km W of Yachats, Oregon",Oregon,"2021-05-30 03:24:32","2021-08-07 22:06:10",2021,5,30,Sunday,3.2,strong,ml,10,shallow,-126.1624,44.4556,earthquake,0,",us,",us,NULL,2,2,0,",dyfi,origin,phase-data,",158,6000efx1,",us6000efx1,",45.59407818144721,1.677,0.74,216,reviewed
us6000efwk,"13 km SSE of Huapacal 1ra. Sección, Mexico",Mexico,"2021-05-30 01:38:50","2021-08-07 22:06:09",2021,5,30,Sunday,4.1,strong,mb,35,shallow,-93.7273,17.8064,earthquake,0,",us,",us,NULL,0,0,0,",origin,phase-data,",259,6000efwk,",us6000efwk,",45.59407818144721,0.628,1.21,59,reviewed
us7000eeay,"64 km NW of Yonakuni, Japan",Japan,"2021-05-29 23:28:13","2021-08-07 22:06:09",2021,5,29,Saturday,4.3,strong,mb,11.65,shallow,122.5511,24.8792,earthquake,0,",us,",us,NULL,0,0,0,",origin,phase-data,",284,7000eeay,",us7000eeay,",45.59407818144721,0.586,0.6,110,reviewed
us7000e91f,"Kermadec Islands, New Zealand","New Zealand","2021-05-29 23:25:58","2021-08-07 22:06:09",2021,5,29,Saturday,4.5,strong,mb,10,shallow,-177.3909,-29.324,earthquake,0,",us,",us,NULL,0,0,0,",origin,phase-data,",312,7000e91f,",us7000e91f,",45.59407818144721,10.375,0.74,197,reviewed
us7000e91g,"63 km NW of Yonakuni, Japan",Japan,"2021-05-29 23:25:49","2021-08-07 22:06:08",2021,5,29,Saturday,4.2,strong,mb,10,shallow,122.555,24.8659,earthquake,0,",us,",us,NULL,0,0,0,",origin,phase-data,",271,7000e91g,",us7000e91g,",45.59407818144721,0.574,0.9,109,reviewed
us6000efw3,"85 km W of San Antonio de los Cobres, Argentina",Argentina,"2021-05-29 23:24:15","2021-08-07 22:06:08",2021,5,29,Saturday,4.4,strong,mb,185.44,deep,-67.1545,-24.1,earthquake,0,",us,",us,NULL,1,1,0,",dyfi,origin,phase-data,",298,6000efw3,",us6000efw3,",45.59407818144721,1.479,0.66,74,reviewed
us6000efw1,"105 km WNW of San Antonio de los Cobres, Argentina",Argentina,"2021-05-29 23:18:16","2021-08-07 22:06:08",2021,5,29,Saturday,4.3,strong,mb,196.25,deep,-67.2527,-23.8086,earthquake,0,",us,",us,NULL,0,0,0,",origin,phase-data,",284,6000efw1,",us6000efw1,",45.59407818144721,1.204,0.78,61,reviewed
us7000e91h,"64 km NW of Yonakuni, Japan",Japan,"2021-05-29 23:17:37","2021-08-07 22:06:08",2021,5,29,Saturday,4.4,strong,mb,10,shallow,122.5056,24.8408,earthquake,0,",us,",us,NULL,0,0,0,",origin,phase-data,",298,7000e91h,",us7000e91h,",45.59407818144721,0.591,0.68,61,reviewed
us6000efvz,"23 km NNE of Bandar-e Gen?veh, Iran",Iran,"2021-05-29 23:02:51","2021-08-07 22:06:07",2021,5,29,Saturday,4.2,strong,mb,10,shallow,50.6169,29.7753,earthquake,0,",us,",us,NULL,0,0,0,",origin,phase-data,",271,6000efvz,",us6000efvz,",45.59407818144721,6.744,0.75,72,reviewed
us6000efvt,"68 km NW of Yonakuni, Japan",Japan,"2021-05-29 22:10:22","2021-08-07 22:06:07",2021,5,29,Saturday,4.2,strong,mb,12.33,shallow,122.5954,24.9674,earthquake,0,",us,",us,NULL,0,0,0,",origin,phase-data,",271,6000efvt,",us6000efvt,",45.59407818144721,0.625,0.6,118,reviewed
us7000e91e,"68 km NW of Yonakuni, Japan",Japan,"2021-05-29 21:56:58","2021-08-07 22:06:06",2021,5,29,Saturday,4.4,strong,mb,10,shallow,122.5512,24.9296,earthquake,0,",us,",us,NULL,0,0,0,",origin,phase-data,",298,7000e91e,",us7000e91e,",45.59407818144721,0.622,0.8,109,reviewed
us7000e91d,"5 km NNE of Bayugan, Philippines",Philippines,"2021-05-29 21:20:22","2021-08-07 22:06:06",2021,5,29,Saturday,4.5,strong,mb,29.59,shallow,125.7811,8.8081,earthquake,0,",us,",us,NULL,0,0,0,",origin,phase-data,",312,7000e91d,",us7000e91d,",45.59407818144721,1.738,0.56,136,reviewed
us6000efvn,"51 km W of Bojn?rd, Iran",Iran,"2021-05-29 21:17:38","2021-08-07 22:06:06",2021,5,29,Saturday,4.5,strong,mb,10,shallow,56.7441,37.4337,earthquake,0,",us,",us,NULL,0,0,0,",origin,phase-data,",312,6000efvn,",us6000efvn,",45.59407818144721,5.4,0.55,63,reviewed
us6000efvk,"90 km SE of Arica, Chile",Chile,"2021-05-29 20:39:29","2021-08-07 22:06:06",2021,5,29,Saturday,4.3,strong,mb,107.02,deep,-69.6312,-18.9916,earthquake,0,",us,",us,NULL,0,0,0,",origin,phase-data,",284,6000efvk,",us6000efvk,",45.59407818144721,0.759,0.48,101,reviewed
us7000e919,"133 km SSW of Ambon, Indonesia",Indonesia,"2021-05-29 20:06:44","2021-08-07 22:06:05",2021,5,29,Saturday,4.4,strong,mb,10,shallow,127.5194,-4.7055,earthquake,0,",us,",us,NULL,0,0,0,",origin,phase-data,",298,7000e919,",us7000e919,",45.59407818144721,5.041,1.1,87,reviewed
us7000e91i,"154 km SW of Palaióchora, Greece",Greece,"2021-05-29 19:32:44","2021-08-07 22:06:05",2021,5,29,Saturday,4.1,strong,mb,33.48,shallow,22.4977,34.2369,earthquake,0,",us,",us,NULL,0,0,0,",origin,phase-data,",259,7000e91i,",us7000e91i,",45.59407818144721,2.231,0.53,214,reviewed
us7000e918,"284 km E of Samarai, Papua New Guinea","Papua New Guinea","2021-05-29 18:29:44","2021-08-07 22:06:04",2021,5,29,Saturday,4.5,strong,mb,10,shallow,153.2429,-10.344,earthquake,0,",us,",us,NULL,0,0,0,",origin,phase-data,",312,7000e918,",us7000e918,",45.59407818144721,6.066,1.21,70,reviewed
ci39909592,"7km SSE of Estacion Coahuila, B.C., MX",MX,"2021-05-29 18:26:41","2021-08-07 22:06:04",2021,5,29,Saturday,3.47,strong,ml,15.73,shallow,-114.9808333,32.1371667,earthquake,0,",ci,us,",ci,NULL,1,3.1,3.457,",dyfi,nearby-cities,origin,phase-data,scitech-link,shakemap,",186,39909592,",ci39909592,us6000efv1,",17,0.03306,0.34,131,reviewed
us7000e916,"160 km NNE of Tual, Indonesia",Indonesia,"2021-05-29 17:36:06","2021-08-07 22:06:04",2021,5,29,Saturday,4.1,strong,mb,10,shallow,133.5208,-4.3958,earthquake,0,",us,",us,NULL,0,0,0,",origin,phase-data,",259,7000e916,",us7000e916,",45.59407818144721,1.939,1.16,144,reviewed
us6000efuv,"64 km NW of Yonakuni, Japan",Japan,"2021-05-29 17:18:41","2021-08-07 22:06:03",2021,5,29,Saturday,4.3,strong,mb,15.92,shallow,122.5211,24.8538,earthquake,0,",us,",us,NULL,0,0,0,",origin,phase-data,",284,6000efuv,",us6000efuv,",45.59407818144721,0.589,0.68,46,reviewed
us7000e915,"64 km SSE of Gorontalo, Indonesia",Indonesia,"2021-05-29 17:00:43","2021-08-07 22:06:03",2021,5,29,Saturday,4.3,strong,mb,131.61,deep,123.2676,-0.0051,earthquake,0,",us,",us,NULL,0,0,0,",origin,phase-data,",284,7000e915,",us7000e915,",45.59407818144721,1.143,0.9,73,reviewed
us6000efub,"49 km SSW of Shikotan, Russia",Russia,"2021-05-29 15:30:24","2021-08-07 22:06:02",2021,5,29,Saturday,4.4,strong,mb,60.51,shallow,146.4482,43.3971,earthquake,0,",us,",us,NULL,0,0,0,",origin,phase-data,",298,6000efub,",us6000efub,",45.59407818144721,2.791,0.54,154,reviewed
us6000efu3,"20 km SSE of Conchagua, El Salvador","El Salvador","2021-05-29 15:29:24","2021-08-07 22:06:02",2021,5,29,Saturday,4.4,strong,mb,174.57,deep,-87.7888,13.1364,earthquake,0,",us,",us,NULL,0,0,0,",origin,phase-data,",298,6000efu3,",us6000efu3,",45.59407818144721,0.616,0.26,145,reviewed
us6000efuc,"91 km SSW of Merizo Village, Guam",Guam,"2021-05-29 15:29:17","2022-08-09 05:16:13",2021,5,29,Saturday,4.9,strong,mb,10,shallow,144.4783,12.463,earthquake,0,",us,",us,NULL,3,2.5,0,",dyfi,origin,phase-data,",370,6000efuc,",us6000efuc,",45.59407818144721,1.182,0.86,48,reviewed
us7000e912,"115 km SW of Nikolski, Alaska",Alaska,"2021-05-29 15:05:00","2021-08-07 22:06:02",2021,5,29,Saturday,3.6,strong,mb,21.85,shallow,-170.0804,52.2082,earthquake,0,",us,",us,NULL,0,0,0,",origin,phase-data,",199,7000e912,",us7000e912,",45.59407818144721,0.619,1.11,205,reviewed
us6000efu0,"27 km E of Acandí, Colombia",Colombia,"2021-05-29 15:01:12","2022-08-09 05:16:42",2021,5,29,Saturday,4.4,strong,mb,40.7,shallow,-77.031,8.4863,earthquake,0,",us,",us,NULL,1,3.8,0,",dyfi,origin,phase-data,",298,6000efu0,",us6000efu0,",45.59407818144721,0.752,1.04,62,reviewed
us6000eftu,"65 km ESE of Jiufen, Taiwan",Taiwan,"2021-05-29 14:32:21","2021-08-07 22:06:01",2021,5,29,Saturday,4.4,strong,mb,10,shallow,122.4453,24.8969,earthquake,0,",us,",us,NULL,0,0,0,",origin,phase-data,",298,6000eftu,",us6000eftu,",45.59407818144721,0.669,0.51,61,reviewed
pr2021149005,"4 km E of La Parguera, Puerto Rico","Puerto Rico","2021-05-29 13:14:18","2022-08-09 05:15:48",2021,5,29,Saturday,3.18,strong,md,11,shallow,-67.0053,17.9716,earthquake,0,",pr,us,",pr,NULL,1,2,0,",dyfi,origin,phase-data,",156,2021149005,",pr2021149005,us6000eftq,",21,0.1099,0.13,202,reviewed
us7000e917,"South Sandwich Islands region","South Sandwich Islands region","2021-05-29 12:49:12","2021-08-07 22:06:01",2021,5,29,Saturday,4.3,strong,mb,10,shallow,-28.8338,-55.1271,earthquake,0,",us,",us,NULL,0,0,0,",origin,phase-data,",284,7000e917,",us7000e917,",45.59407818144721,4.519,0.25,181,reviewed
us7000e90y,"100 km SSW of Nikolski, Alaska",Alaska,"2021-05-29 12:05:47","2021-08-07 22:06:00",2021,5,29,Saturday,3.8,strong,mb,34.12,shallow,-169.4805,52.1199,earthquake,0,",us,",us,NULL,0,0,0,",origin,phase-data,",222,7000e90y,",us7000e90y,",45.59407818144721,0.684,0.54,177,reviewed
us7000e914,"107 km ENE of Levuka, Fiji",Fiji,"2021-05-29 11:32:26","2021-08-07 22:06:00",2021,5,29,Saturday,4,strong,mb,584.12,deep,-179.8365,-17.5376,earthquake,0,",us,",us,NULL,0,0,0,",origin,phase-data,",246,7000e914,",us7000e914,",45.59407818144721,2.023,0.54,224,reviewed
us6000efsy,"35 km SSE of Shizunai-furukawach?, Japan",Japan,"2021-05-29 10:10:41","2025-12-22 19:01:18",2021,5,29,Saturday,4.9,strong,mb,56.92,shallow,142.5681,42.0473,earthquake,0,",iscgem,us,",us,NULL,0,0,0,",origin,phase-data,",369,6000efsy,",iscgem620445483,us6000efsy,",45.59407818144721,0.44,0.53,86,reviewed
us7000e90z,"65 km NW of Yonakuni, Japan",Japan,"2021-05-29 09:16:33","2021-08-07 22:05:59",2021,5,29,Saturday,4.5,strong,mb,10,shallow,122.5402,24.8887,earthquake,0,",us,",us,NULL,0,0,0,",origin,phase-data,",312,7000e90z,",us7000e90z,",45.59407818144721,0.599,0.43,66,reviewed
us6000efsh,"16 km ENE of Tarata, Peru",Peru,"2021-05-29 09:04:17","2021-08-07 22:05:59",2021,5,29,Saturday,4.7,strong,mwr,10,shallow,-69.8904,-17.4226,earthquake,0,",us,",us,NULL,0,0,0,",origin,phase-data,",340,6000efsh,",us6000efsh,",45.59407818144721,0.425,0.56,103,reviewed
us7000e90w,"Mid-Indian Ridge","Mid-Indian Ridge","2021-05-29 07:56:27","2025-12-22 19:01:16",2021,5,29,Saturday,4.9,strong,mb,10,shallow,83.4975,-42.6946,earthquake,0,",iscgem,us,",us,NULL,0,0,0,",origin,phase-data,",369,7000e90w,",iscgem620445481,us7000e90w,",45.59407818144721,22.766,0.41,68,reviewed
us7000e90s,"60 km NW of Yonakuni, Japan",Japan,"2021-05-29 07:25:54","2021-08-07 22:05:58",2021,5,29,Saturday,4.4,strong,mb,13.47,shallow,122.5919,24.871,earthquake,0,",us,",us,NULL,0,0,0,",origin,phase-data,",298,7000e90s,",us7000e90s,",45.59407818144721,0.554,0.64,69,reviewed
us7000e90q,"74 km SW of Insrom, Indonesia",Indonesia,"2021-05-29 06:53:45","2021-08-07 22:05:57",2021,5,29,Saturday,4.1,strong,mb,26.6,shallow,135.6314,-1.6892,earthquake,0,",us,",us,NULL,0,0,0,",origin,phase-data,",259,7000e90q,",us7000e90q,",45.59407818144721,3.593,0.23,81,reviewed
us7000e90p,"Mid-Indian Ridge","Mid-Indian Ridge","2021-05-29 06:31:53","2021-08-07 22:05:57",2021,5,29,Saturday,4.6,strong,mb,10,shallow,69.7005,-23.6688,earthquake,0,",us,",us,NULL,0,0,0,",origin,phase-data,",326,7000e90p,",us7000e90p,",45.59407818144721,20.746,0.71,70,reviewed
us6000efrk,"147 km W of Basco, Philippines",Philippines,"2021-05-29 06:20:22","2021-08-07 22:05:57",2021,5,29,Saturday,4.8,strong,mb,12.38,shallow,120.5591,20.4168,earthquake,0,",us,",us,NULL,0,0,0,",origin,phase-data,",354,6000efrk,",us6000efrk,",45.59407818144721,2.437,0.7,112,reviewed
us6000efrg,"64 km NW of Yonakuni, Japan",Japan,"2021-05-29 05:46:23","2021-08-07 22:05:56",2021,5,29,Saturday,4.6,strong,mb,7.36,shallow,122.5583,24.8829,earthquake,0,",us,",us,NULL,0,0,0,",origin,phase-data,",326,6000efrg,",us6000efrg,",45.59407818144721,0.584,0.49,67,reviewed
us7000e90n,"217 km SE of Nikolski, Alaska",Alaska,"2021-05-29 05:39:12","2021-08-07 22:05:56",2021,5,29,Saturday,3.6,strong,mb,10,shallow,-166.2266,51.832,earthquake,0,",us,",us,NULL,0,0,0,",origin,phase-data,",199,7000e90n,",us7000e90n,",45.59407818144721,1.885,0.81,141,reviewed
us7000e90t,"Volcano Islands, Japan region","Japan region","2021-05-29 04:23:14","2021-08-07 22:05:56",2021,5,29,Saturday,4.2,strong,mb,220.47,deep,143.1137,22.0012,earthquake,0,",us,",us,NULL,0,0,0,",origin,phase-data,",271,7000e90t,",us7000e90t,",45.59407818144721,5.142,1,97,reviewed
us7000e90k,"Kermadec Islands region","Kermadec Islands region","2021-05-29 04:12:48","2021-08-07 22:05:56",2021,5,29,Saturday,4.6,strong,mb,10,shallow,-177.1585,-28.9854,earthquake,0,",us,",us,NULL,0,0,0,",origin,phase-data,",326,7000e90k,",us7000e90k,",45.59407818144721,10.767,1.12,172,reviewed
pr2021149001,"109 km NE of Punta Cana, Dominican Republic","Dominican Republic","2021-05-29 03:43:08","2021-08-07 22:05:55",2021,5,29,Saturday,3.65,strong,md,73,deep,-67.772,19.3663,earthquake,0,",us,pr,",pr,NULL,0,0,0,",origin,phase-data,",205,2021149001,",us6000efr4,pr2021149001,",22,1.0245,0.35,206,reviewed
us7000e90h,"97 km ESE of Pondaguitan, Philippines",Philippines,"2021-05-29 02:46:58","2021-08-07 22:05:55",2021,5,29,Saturday,4.4,strong,mb,49.85,shallow,126.9903,6.0149,earthquake,0,",us,",us,NULL,0,0,0,",origin,phase-data,",298,7000e90h,",us7000e90h,",45.59407818144721,1.75,0.35,115,reviewed
us7000e90f,"10 km NNE of Bandar-e Gen?veh, Iran",Iran,"2021-05-29 02:17:18","2021-08-07 22:05:55",2021,5,29,Saturday,4.5,strong,mb,10,shallow,50.5416,29.671,earthquake,0,",us,",us,NULL,0,0,0,",origin,phase-data,",312,7000e90f,",us7000e90f,",45.59407818144721,6.789,1.08,53,reviewed
us6000efqh,"11 km NNE of Bandar-e Gen?veh, Iran",Iran,"2021-05-29 02:12:54","2021-08-07 22:05:54",2021,5,29,Saturday,4.6,strong,mb,10,shallow,50.5542,29.6806,earthquake,0,",us,",us,NULL,0,0,0,",origin,phase-data,",326,6000efqh,",us6000efqh,",45.59407818144721,6.788,0.88,43,reviewed
us7000e90m,"12 km NNW of Bandar-e Gen?veh, Iran",Iran,"2021-05-29 02:11:07","2021-08-07 22:05:54",2021,5,29,Saturday,4.2,strong,mb,10,shallow,50.4728,29.6887,earthquake,0,",us,",us,NULL,0,0,0,",origin,phase-data,",271,7000e90m,",us7000e90m,",45.59407818144721,6.74,0.82,85,reviewed
us7000e90l,"23 km NE of Bandar-e Gen?veh, Iran",Iran,"2021-05-29 01:48:14","2021-08-07 22:05:53",2021,5,29,Saturday,4.2,strong,mb,10,shallow,50.6816,29.7403,earthquake,0,",us,",us,NULL,0,0,0,",origin,phase-data,",271,7000e90l,",us7000e90l,",45.59407818144721,6.805,1.27,87,reviewed
us7000e90r,"68 km SSW of Port-Vila, Vanuatu",Vanuatu,"2021-05-29 01:44:42","2021-08-07 22:05:53",2021,5,29,Saturday,4.7,strong,mb,35,shallow,168.156,-18.3402,earthquake,0,",us,",us,NULL,0,0,0,",origin,phase-data,",340,7000e90r,",us7000e90r,",45.59407818144721,4.24,0.83,122,reviewed
us6000efqb,"16 km ESE of Murghob, Tajikistan",Tajikistan,"2021-05-29 01:41:55","2021-08-07 22:05:53",2021,5,29,Saturday,4.4,strong,mb,176.1,deep,74.1484,38.1285,earthquake,0,",us,",us,NULL,0,0,0,",origin,phase-data,",298,6000efqb,",us6000efqb,",45.59407818144721,3.007,0.99,64,reviewed
us6000efq7,"214 km N of Palu, Indonesia",Indonesia,"2021-05-29 01:25:14","2025-12-22 18:00:59",2021,5,29,Saturday,5.1,strong,mww,17.42,shallow,120.0848,1.019,earthquake,0,",us,iscgem,",us,NULL,0,0,0,",moment-tensor,origin,phase-data,",400,6000efq7,",us6000efq7,iscgem620445322,",45.59407818144721,0.702,0.88,21,reviewed
us6000efq6,"122 km ENE of Hasaki, Japan",Japan,"2021-05-29 01:02:41","2025-12-22 19:01:15",2021,5,29,Saturday,5.5,strong,mww,12.04,shallow,141.9873,36.3105,earthquake,0,",us,usauto,pt,iscgem,",us,green,17,6.3,3.203,",dyfi,internal-moment-tensor,internal-origin,losspager,moment-tensor,origin,phase-data,shakemap,",476,6000efq6,",us6000efq6,usauto6000efq6,pt21149000,iscgem620445320,",45.59407818144721,3.055,0.85,63,reviewed
us6000efq4,"14 km N of Bandar-e Gen?veh, Iran",Iran,"2021-05-29 00:55:03","2021-08-07 22:05:52",2021,5,29,Saturday,4.3,strong,mb,10,shallow,50.4978,29.7096,earthquake,0,",us,",us,NULL,0,0,0,",origin,phase-data,",284,6000efq4,",us6000efq4,",45.59407818144721,6.735,0.76,75,reviewed
us6000efq2,"117 km ESE of Kitaibaraki, Japan",Japan,"2021-05-29 00:42:52","2021-08-07 22:05:52",2021,5,29,Saturday,5,strong,mb,10,shallow,141.9959,36.4413,earthquake,0,",us,",us,NULL,1,2.7,0,",dyfi,origin,phase-data,",385,6000efq2,",us6000efq2,",45.59407818144721,3.053,0.5,141,reviewed
us6000efpu,"114 km ESE of Takahagi, Japan",Japan,"2021-05-29 00:04:50","2021-11-19 07:46:04",2021,5,29,Saturday,4.9,strong,mb,10,shallow,141.9087,36.3453,earthquake,0,",us,",us,NULL,4,3.1,0,",dyfi,origin,phase-data,",371,6000efpu,",us6000efpu,",45.59407818144721,2.989,0.84,127,reviewed
us6000eh02,"50 km E of Yilan, Taiwan",Taiwan,"2021-05-28 23:59:11","2021-08-07 22:05:51",2021,5,28,Friday,4.1,strong,mb,10,shallow,122.2545,24.7643,earthquake,0,",us,",us,NULL,0,0,0,",origin,phase-data,",259,6000eh02,",us6000eh02,",45.59407818144721,0.718,0.67,90,reviewed
pr2021148004,"50 km S of Boca de Yuma, Dominican Republic","Dominican Republic","2021-05-28 23:46:24","2021-05-29 00:32:46",2021,5,28,Friday,3.51,strong,md,58,shallow,-68.5526,17.9261,earthquake,0,",pr,",pr,NULL,0,0,0,",origin,phase-data,",190,2021148004,",pr2021148004,",15,0.6122,0.26,232,reviewed
us6000efpm,"37 km E of Los Andes, Chile",Chile,"2021-05-28 23:40:57","2021-08-07 22:05:51",2021,5,28,Friday,4.6,strong,mb,108.29,deep,-70.1938,-32.8166,earthquake,0,",us,",us,NULL,2,2.2,0,",dyfi,origin,phase-data,",326,6000efpm,",us6000efpm,",45.59407818144721,0.305,0.71,41,reviewed
us6000eh00,"224 km ENE of Levuka, Fiji",Fiji,"2021-05-28 23:34:30","2021-08-07 22:05:51",2021,5,28,Friday,4.7,strong,mb,547.05,deep,-178.6153,-17.6098,earthquake,0,",us,",us,NULL,0,0,0,",origin,phase-data,",340,6000eh00,",us6000eh00,",45.59407818144721,3.179,0.82,118,reviewed
us6000efph,"133 km ENE of Hasaki, Japan",Japan,"2021-05-28 23:21:04","2025-12-22 19:01:14",2021,5,28,Friday,5.2,strong,mww,10,shallow,142.1212,36.3194,earthquake,0,",us,usauto,iscgem,",us,NULL,8,3.4,0,",dyfi,internal-moment-tensor,moment-tensor,origin,phase-data,",419,6000efph,",us6000efph,usauto6000efph,iscgem620445313,",45.59407818144721,3.162,0.96,101,reviewed
us6000egzz,"138 km E of Madang, Papua New Guinea","Papua New Guinea","2021-05-28 23:07:52","2021-08-07 22:05:50",2021,5,28,Friday,4.3,strong,mb,176.08,deep,147.0344,-5.31,earthquake,0,",us,",us,NULL,0,0,0,",origin,phase-data,",284,6000egzz,",us6000egzz,",45.59407818144721,4.07,0.73,210,reviewed
us6000efpf,"55 km NW of Yonakuni, Japan",Japan,"2021-05-28 23:04:52","2021-08-07 22:05:50",2021,5,28,Friday,4.3,strong,mb,18.79,shallow,122.6514,24.8491,earthquake,0,",us,",us,NULL,0,0,0,",origin,phase-data,",284,6000efpf,",us6000efpf,",45.59407818144721,0.501,0.41,71,reviewed
us6000egzy,"198 km SW of Labuan, Indonesia",Indonesia,"2021-05-28 22:17:31","2021-08-07 22:05:49",2021,5,28,Friday,4.5,strong,mb,10,shallow,104.6696,-7.7504,earthquake,0,",us,",us,NULL,0,0,0,",origin,phase-data,",312,6000egzy,",us6000egzy,",45.59407818144721,2.968,0.73,94,reviewed
us6000efp9,"118 km NE of Savannah Bight, Honduras",Honduras,"2021-05-28 21:37:37","2021-08-07 22:05:49",2021,5,28,Friday,4.3,strong,mb,10,shallow,-85.0601,17.2079,earthquake,0,",us,",us,NULL,0,0,0,",origin,phase-data,",284,6000efp9,",us6000efp9,",45.59407818144721,3.482,0.74,59,reviewed
us6000efnk,"227 km ENE of Lospalos, Timor Leste","Timor Leste","2021-05-28 20:59:35","2021-08-07 22:05:49",2021,5,28,Friday,4.1,strong,mb,110.77,deep,128.837,-7.5828,earthquake,0,",us,",us,NULL,0,0,0,",origin,phase-data,",259,6000efnk,",us6000efnk,",45.59407818144721,2.471,0.73,63,reviewed
us6000efnd,"25 km NNE of Bandar-e Gen?veh, Iran",Iran,"2021-05-28 20:35:50","2021-08-07 22:05:49",2021,5,28,Friday,4.9,strong,mb,10,shallow,50.6082,29.7949,earthquake,0,",us,",us,NULL,0,0,0,",origin,phase-data,",369,6000efnd,",us6000efnd,",45.59407818144721,6.723,0.74,42,reviewed
us6000egzx,"241 km S of Sinabang, Indonesia",Indonesia,"2021-05-28 20:21:23","2021-08-07 22:05:48",2021,5,28,Friday,4.2,strong,mb,14.92,shallow,96.7486,0.3314,earthquake,0,",us,",us,NULL,0,0,0,",origin,phase-data,",271,6000egzx,",us6000egzx,",45.59407818144721,1.271,0.72,205,reviewed
us6000efn0,"101 km NNE of Calama, Chile",Chile,"2021-05-28 20:14:36","2021-08-07 22:05:48",2021,5,28,Friday,4.2,strong,mb,149.13,deep,-68.4171,-21.6702,earthquake,0,",us,",us,NULL,0,0,0,",origin,phase-data,",271,6000efn0,",us6000efn0,",45.59407818144721,1.176,0.92,57,reviewed
us6000efn3,"68 km NW of Yonakuni, Japan",Japan,"2021-05-28 20:10:24","2021-08-07 22:05:48",2021,5,28,Friday,4.5,strong,mb,7.02,shallow,122.5681,24.9464,earthquake,0,",us,",us,NULL,0,0,0,",origin,phase-data,",312,6000efn3,",us6000efn3,",45.59407818144721,0.624,0.39,71,reviewed
us6000efnc,"58 km NW of Yonakuni, Japan",Japan,"2021-05-28 20:06:24","2021-08-07 22:05:48",2021,5,28,Friday,4.1,strong,mb,34.46,shallow,122.5946,24.8441,earthquake,0,",us,",us,NULL,0,0,0,",origin,phase-data,",259,6000efnc,",us6000efnc,",45.59407818144721,0.533,0.52,110,reviewed
us6000efn9,"off the coast of Oregon","off the coast of Oregon","2021-05-28 19:59:43","2021-08-07 22:05:47",2021,5,28,Friday,3.3,strong,ml,10,shallow,-128.1368,43.6046,earthquake,0,",us,",us,NULL,0,0,0,",origin,phase-data,",168,6000efn9,",us6000efn9,",45.59407818144721,2.491,0.53,206,reviewed
us6000eh03,"58 km NW of Yonakuni, Japan",Japan,"2021-05-28 19:54:46","2021-08-07 22:05:47",2021,5,28,Friday,4,strong,mb,10,shallow,122.6223,24.8654,earthquake,0,",us,",us,NULL,0,0,0,",origin,phase-data,",246,6000eh03,",us6000eh03,",45.59407818144721,0.531,0.7,67,reviewed
us6000egzv,"281 km WSW of Tual, Indonesia",Indonesia,"2021-05-28 18:20:06","2021-08-07 22:05:47",2021,5,28,Friday,4.2,strong,mb,111.5,deep,130.3944,-6.5734,earthquake,0,",us,",us,NULL,0,0,0,",origin,phase-data,",271,6000egzv,",us6000egzv,",45.59407818144721,1.662,0.96,74,reviewed
us6000efm4,"270 km SSE of Tabiauan, Philippines",Philippines,"2021-05-28 18:07:43","2021-08-07 22:05:46",2021,5,28,Friday,4.6,strong,mb,562.52,deep,122.6288,3.6942,earthquake,0,",us,",us,NULL,0,0,0,",origin,phase-data,",326,6000efm4,",us6000efm4,",45.59407818144721,3.16,0.62,68,reviewed
us6000eflq,"2 km N of Virginia, Minnesota",Minnesota,"2021-05-28 17:13:37","2021-08-07 22:05:46",2021,5,28,Friday,3,strong,ml,0,shallow,-92.5382,47.5418,"mining explosion",0,",us,",us,NULL,0,0,0,",origin,phase-data,",138,6000eflq,",us6000eflq,",45.59407818144721,0.811,0.63,80,reviewed
us6000eflk,"68 km NW of Monywa, Myanmar",Myanmar,"2021-05-28 16:51:22","2021-08-07 22:05:45",2021,5,28,Friday,4.5,strong,mb,113.94,deep,94.7171,22.5949,earthquake,0,",us,",us,NULL,0,0,0,",origin,phase-data,",312,6000eflk,",us6000eflk,",45.59407818144721,1.033,1.07,118,reviewed
us6000egzr,"97 km WNW of Tobelo, Indonesia",Indonesia,"2021-05-28 16:13:59","2021-08-07 22:05:45",2021,5,28,Friday,4.2,strong,mb,109.84,deep,127.1894,2.0442,earthquake,0,",us,",us,NULL,0,0,0,",origin,phase-data,",271,6000egzr,",us6000egzr,",45.59407818144721,1.276,0.92,129,reviewed
us6000efla,"5 km NNE of Jordán, Colombia",Colombia,"2021-05-28 16:10:44","2021-08-07 22:05:45",2021,5,28,Friday,4.7,strong,mb,154.11,deep,-73.0743,6.7826,earthquake,0,",us,",us,NULL,1,3.4,0,",dyfi,origin,phase-data,",340,6000efla,",us6000efla,",45.59407818144721,0.884,1.1,60,reviewed
nc73566751,"9km SE of Dollar Point, CA",CA,"2021-05-28 16:04:54","2021-08-07 22:05:44",2021,5,28,Friday,3.11,strong,ml,5.41,shallow,-120.0338333,39.1245,earthquake,0,",nc,nn,us,",nc,NULL,64,3.8,0,",dyfi,focal-mechanism,nearby-cities,origin,phase-data,scitech-link,",173,73566751,",nc73566751,nn00808333,us6000efl1,",29,0.1097,0.09,66,reviewed
nc73566711,"10km SE of Dollar Point, CA",CA,"2021-05-28 15:25:22","2022-05-14 06:43:42",2021,5,28,Friday,4.15,strong,mw,7.02,shallow,-120.0286667,39.1221667,earthquake,0,",nn,ew,nc,us,",nc,green,1659,4.1,4.231,",dyfi,focal-mechanism,losspager,moment-tensor,nearby-cities,origin,phase-data,scitech-link,shake-alert,shakemap,",675,73566711,",nn00808315,ew1622215521,nc73566711,us6000efj5,",37,0.1141,0.11,67,reviewed
us6000efhg,"152 km W of Basco, Philippines",Philippines,"2021-05-28 14:44:00","2025-12-22 19:01:12",2021,5,28,Friday,4.8,strong,mb,18.15,shallow,120.5192,20.3277,earthquake,0,",iscgem,us,",us,NULL,0,0,0,",origin,phase-data,",354,6000efhg,",iscgem620444892,us6000efhg,",45.59407818144721,2.532,1.22,74,reviewed
us6000efj0,"17 km WSW of La Paz Centro, Nicaragua",Nicaragua,"2021-05-28 14:35:31","2021-08-07 22:05:43",2021,5,28,Friday,4.4,strong,mb,133.03,deep,-86.819,12.2738,earthquake,0,",us,",us,NULL,0,0,0,",origin,phase-data,",298,6000efj0,",us6000efj0,",45.59407818144721,0.333,0.5,150,reviewed
us6000efh7,"37 km NW of Stanley, Idaho",Idaho,"2021-05-28 14:08:19","2021-08-07 22:05:43",2021,5,28,Friday,3.4,strong,mwr,10,shallow,-115.2292,44.4855,earthquake,0,",mb,us,",us,NULL,3,2.7,3.146,",dyfi,moment-tensor,origin,phase-data,shakemap,",179,6000efh7,",mb80506734,us6000efh7,",45.59407818144721,0.814,0.53,62,reviewed
us6000efh2,"71 km SSW of Port-Vila, Vanuatu",Vanuatu,"2021-05-28 13:41:35","2025-12-22 19:01:10",2021,5,28,Friday,5.3,strong,mww,35,shallow,168.1012,-18.3532,earthquake,0,",us,usauto,iscgem,",us,NULL,1,3.4,0,",dyfi,internal-moment-tensor,origin,phase-data,",432,6000efh2,",us6000efh2,usauto6000efh2,iscgem620444889,",45.59407818144721,4.013,0.92,45,reviewed
us6000egzn,"37 km S of Sinabang, Indonesia",Indonesia,"2021-05-28 13:32:32","2021-08-07 22:05:42",2021,5,28,Friday,4.5,strong,mb,21.98,shallow,96.3353,2.1413,earthquake,0,",us,",us,NULL,0,0,0,",origin,phase-data,",312,6000egzn,",us6000egzn,",45.59407818144721,1.492,0.49,139,reviewed
us6000egzm,"64 km NW of Yonakuni, Japan",Japan,"2021-05-28 13:06:35","2021-08-07 22:05:42",2021,5,28,Friday,4.8,strong,mb,10,shallow,122.549,24.8772,earthquake,0,",us,",us,NULL,0,0,0,",origin,phase-data,",354,6000egzm,",us6000egzm,",45.59407818144721,0.586,0.53,89,reviewed
pr2021148001,"5 km NW of Mayagüez, Puerto Rico","Puerto Rico","2021-05-28 12:54:48","2021-08-07 22:05:41",2021,5,28,Friday,3.51,strong,md,92,deep,-67.177,18.2293,earthquake,0,",us,pr,",pr,NULL,0,0,2.108,",origin,phase-data,shakemap,",190,2021148001,",us6000effa,pr2021148001,",23,0.0344,0.18,137,reviewed
us6000eff8,"6 km W of Dali, China",China,"2021-05-28 12:43:19","2021-08-07 22:05:41",2021,5,28,Friday,4.2,strong,mb,10,shallow,100.1467,25.5796,earthquake,0,",us,",us,NULL,0,0,0,",origin,phase-data,",271,6000eff8,",us6000eff8,",45.59407818144721,4.304,0.58,82,reviewed
us6000egzl,"65 km WNW of Yonakuni, Japan",Japan,"2021-05-28 12:38:21","2021-08-07 22:05:41",2021,5,28,Friday,4.4,strong,mb,10,shallow,122.4405,24.7717,earthquake,0,",us,",us,NULL,0,0,0,",origin,phase-data,",298,6000egzl,",us6000egzl,",45.59407818144721,0.601,0.86,91,reviewed
tx2021kjnv,"3 km SE of Falls City, Texas",Texas,"2021-05-28 12:34:31","2025-07-02 19:59:31",2021,5,28,Friday,3.2,strong,ml,7.4525,shallow,-97.994,28.957,earthquake,0,",tx,us,",tx,NULL,3,4,0,",dyfi,origin,phase-data,",159,2021kjnv,",tx2021kjnv,us6000eff4,",24,0,0.2,98,reviewed
us6000egzi,"129 km ESE of Ozernovskiy, Russia",Russia,"2021-05-28 12:02:07","2021-08-07 22:05:40",2021,5,28,Friday,4.3,strong,mb,51.4,shallow,158.3217,51.2794,earthquake,0,",us,",us,NULL,0,0,0,",origin,phase-data,",284,6000egzi,",us6000egzi,",45.59407818144721,1.758,0.58,124,reviewed
hv72491872,"9 km ENE of P?hala, Hawaii",Hawaii,"2021-05-28 09:40:14","2021-08-07 22:05:39",2021,5,28,Friday,3,strong,ml,32.64,shallow,-155.403333333333,19.249,earthquake,0,",hv,us,",hv,NULL,1,3.4,0,",dyfi,origin,phase-data,",139,72491872,",hv72491872,us6000efdt,",61,3.184254625848399,0.13,73,reviewed
us6000egzf,"152 km WNW of Panguna, Papua New Guinea","Papua New Guinea","2021-05-28 07:42:54","2021-08-07 22:05:39",2021,5,28,Friday,4.3,strong,mb,34.05,shallow,154.1527,-5.9763,earthquake,0,",us,",us,NULL,0,0,0,",origin,phase-data,",284,6000egzf,",us6000egzf,",45.59407818144721,2.659,0.54,119,reviewed
us6000efd7,"25 km ESE of Farkh?r, Afghanistan",Afghanistan,"2021-05-28 07:24:16","2021-08-07 22:05:38",2021,5,28,Friday,5,strong,mb,209.8,deep,70.1352,36.5239,earthquake,0,",us,",us,NULL,0,0,0,",origin,phase-data,",385,6000efd7,",us6000efd7,",45.59407818144721,0.697,0.78,44,reviewed
us6000egzd,"26 km E of Yilan, Taiwan",Taiwan,"2021-05-28 07:07:28","2021-08-07 22:05:38",2021,5,28,Friday,4.2,strong,mb,10,shallow,122.0192,24.7452,earthquake,0,",us,",us,NULL,0,0,0,",origin,phase-data,",271,6000egzd,",us6000egzd,",45.59407818144721,0.526,0.74,104,reviewed
us6000egzb,"south of the Fiji Islands","south of the Fiji Islands","2021-05-28 06:32:08","2021-08-07 22:05:38",2021,5,28,Friday,4.3,strong,mb,555.45,deep,179.0194,-24.131,earthquake,0,",us,",us,NULL,0,0,0,",origin,phase-data,",284,6000egzb,",us6000egzb,",45.59407818144721,6.418,0.36,122,reviewed
us6000efcf,"163 km NW of Sola, Vanuatu",Vanuatu,"2021-05-28 04:39:46","2025-12-22 19:01:09",2021,5,28,Friday,5,strong,mww,107.8,deep,166.6603,-12.6819,earthquake,0,",iscgem,us,",us,NULL,0,0,0,",origin,phase-data,",385,6000efcf,",iscgem620443966,us6000efcf,",45.59407818144721,7.334,0.5,43,reviewed
us6000efc9,"18 km NW of Khuzdar, Pakistan",Pakistan,"2021-05-28 03:58:07","2021-08-07 22:05:37",2021,5,28,Friday,4.8,strong,mb,10,shallow,66.4794,27.9368,earthquake,0,",us,",us,NULL,1,3.1,0,",dyfi,origin,phase-data,",355,6000efc9,",us6000efc9,",45.59407818144721,6.939,0.78,54,reviewed
pr2021148000,"11 km NNE of Guaymate, Dominican Republic","Dominican Republic","2021-05-28 03:36:41","2021-05-28 05:23:19",2021,5,28,Friday,3.81,strong,md,108,deep,-68.9236,18.6753,earthquake,0,",pr,",pr,NULL,0,0,0,",origin,phase-data,",223,2021148000,",pr2021148000,",14,0.5657,0.15,173,reviewed
us6000efc2,"Kepulauan Babar, Indonesia",Indonesia,"2021-05-28 02:58:50","2021-08-07 22:05:36",2021,5,28,Friday,4.3,strong,mb,133.9,deep,129.4681,-7.0881,earthquake,0,",us,",us,NULL,0,0,0,",origin,phase-data,",284,6000efc2,",us6000efc2,",45.59407818144721,2.021,0.55,82,reviewed
us6000egz6,"68 km SSE of Manokwari, Indonesia",Indonesia,"2021-05-28 02:05:54","2021-08-07 22:05:36",2021,5,28,Friday,4.2,strong,mb,34.32,shallow,134.3482,-1.4149,earthquake,0,",us,",us,NULL,0,0,0,",origin,phase-data,",271,6000egz6,",us6000egz6,",45.59407818144721,2.575,1.07,214,reviewed
us6000egz4,"254 km S of Sinabang, Indonesia",Indonesia,"2021-05-28 01:08:21","2021-08-07 22:05:36",2021,5,28,Friday,4.7,strong,mb,10,shallow,96.4978,0.1852,earthquake,0,",us,",us,NULL,0,0,0,",origin,phase-data,",340,6000egz4,",us6000egz4,",45.59407818144721,1.547,0.74,206,reviewed
us6000efbn,"54 km N of Shimokizukuri, Japan",Japan,"2021-05-28 01:05:47","2021-08-07 22:05:36",2021,5,28,Friday,4.4,strong,mb,157.32,deep,140.3004,41.2993,earthquake,0,",us,",us,NULL,1,3.4,0,",dyfi,origin,phase-data,",298,6000efbn,",us6000efbn,",45.59407818144721,0.77,0.95,61,reviewed
us6000efbk,"217 km WNW of Qamdo, China",China,"2021-05-28 00:51:27","2021-08-07 22:05:35",2021,5,28,Friday,4.4,strong,mb,13.72,shallow,95.0989,31.9486,earthquake,0,",us,",us,NULL,0,0,0,",origin,phase-data,",298,6000efbk,",us6000efbk,",45.59407818144721,4.084,0.7,38,reviewed
pr2021147004,"56 km WNW of Rincón, Puerto Rico","Puerto Rico","2021-05-27 23:30:31","2021-07-31 22:10:22",2021,5,27,Thursday,3.91,strong,md,99,deep,-67.7435,18.5296,earthquake,0,",pr,us,",pr,NULL,5,2.7,0,",dyfi,origin,phase-data,",237,2021147004,",pr2021147004,us6000egqa,",30,0.3016,0.24,152,reviewed
ak0216rhelnu,"43 km WNW of Akhiok, Alaska",Alaska,"2021-05-27 22:51:55","2021-07-31 22:10:22",2021,5,27,Thursday,3.3,strong,ml,63,shallow,-154.8047,57.1325,earthquake,0,",us,ak,",ak,NULL,0,0,0,",origin,phase-data,",168,0216rhelnu,",us6000efar,ak0216rhelnu,",45.59407818144721,3.184254625848399,0.63,121.80208981074368,automatic
ak0216rgqrcr,"30 km NNE of Paxson, Alaska",Alaska,"2021-05-27 21:40:31","2021-07-31 22:10:21",2021,5,27,Thursday,3.4,strong,ml,10.7,shallow,-145.2857,63.3225,earthquake,0,",us,ak,",ak,NULL,0,0,0,",origin,phase-data,",178,0216rgqrcr,",us6000efad,ak0216rgqrcr,",45.59407818144721,3.184254625848399,0.59,121.80208981074368,reviewed
us6000egq6,"160 km SW of Kavieng, Papua New Guinea","Papua New Guinea","2021-05-27 21:06:37","2021-07-31 22:10:21",2021,5,27,Thursday,4.3,strong,mb,10,shallow,149.7976,-3.6263,earthquake,0,",us,",us,NULL,0,0,0,",origin,phase-data,",284,6000egq6,",us6000egq6,",45.59407818144721,2.323,0.45,77,reviewed
us6000efa0,"northwest of the Kuril Islands","northwest of the Kuril Islands","2021-05-27 20:29:12","2021-07-31 22:10:21",2021,5,27,Thursday,4.2,strong,mb,435.63,deep,150.4967,50.3829,earthquake,0,",us,",us,NULL,0,0,0,",origin,phase-data,",271,6000efa0,",us6000efa0,",45.59407818144721,5.716,1.04,136,reviewed
us6000ef8y,"6 km W of Náfpaktos, Greece",Greece,"2021-05-27 18:39:05","2022-01-05 07:10:28",2021,5,27,Thursday,4.2,strong,mb,10.32,shallow,21.759,38.3968,earthquake,0,",us,",us,NULL,1,2,0,",dyfi,origin,phase-data,",272,6000ef8y,",us6000ef8y,",45.59407818144721,0.769,1.03,47,reviewed
us6000ef8z,"242 km S of Sinabang, Indonesia",Indonesia,"2021-05-27 18:38:03","2021-07-31 22:10:20",2021,5,27,Thursday,4.4,strong,mb,10,shallow,96.789,0.3228,earthquake,0,",us,",us,NULL,0,0,0,",origin,phase-data,",298,6000ef8z,",us6000ef8z,",45.59407818144721,1.252,0.71,108,reviewed
us6000ef8x,"141 km NNW of Neiafu, Tonga",Tonga,"2021-05-27 18:32:00","2021-07-31 22:10:20",2021,5,27,Thursday,4.8,strong,mb,104.62,deep,-174.4243,-17.4469,earthquake,0,",us,",us,NULL,0,0,0,",origin,phase-data,",354,6000ef8x,",us6000ef8x,",45.59407818144721,4.341,1.08,56,reviewed
us6000ef8t,"122 km SSE of Naalehu, Hawaii",Hawaii,"2021-05-27 18:29:10","2021-07-31 22:10:19",2021,5,27,Thursday,3.6,strong,ml,17,shallow,-155.2983,17.9893,earthquake,0,",hv,us,",us,NULL,0,0,0,",origin,phase-data,",199,6000ef8t,",hv72490812,us6000ef8t,",45.59407818144721,1.045,0.34,333,reviewed
us6000ef7u,"43 km WSW of Ovalle, Chile",Chile,"2021-05-27 16:47:29","2021-07-31 22:10:19",2021,5,27,Thursday,4.3,strong,mb,40.98,shallow,-71.6399,-30.6799,earthquake,0,",us,",us,NULL,1,1,0,",dyfi,origin,phase-data,",285,6000ef7u,",us6000ef7u,",45.59407818144721,0.007,0.85,150,reviewed
us6000ef7v,"65 km NW of Yonakuni, Japan",Japan,"2021-05-27 16:18:09","2021-07-31 22:10:19",2021,5,27,Thursday,4.8,strong,mwr,6.27,shallow,122.5993,24.9256,earthquake,0,",us,",us,NULL,0,0,0,",moment-tensor,origin,phase-data,",354,6000ef7v,",us6000ef7v,",45.59407818144721,0.59,0.65,59,reviewed
us6000ef7t,"65 km E of Vostok, Russia",Russia,"2021-05-27 16:13:45","2021-07-31 22:10:18",2021,5,27,Thursday,4.2,strong,mb,10,shallow,136.6694,46.3706,earthquake,0,",us,",us,NULL,0,0,0,",origin,phase-data,",271,6000ef7t,",us6000ef7t,",45.59407818144721,3.952,0.53,60,reviewed
us6000egq1,"south of the Fiji Islands","south of the Fiji Islands","2021-05-27 15:24:58","2021-07-31 22:10:18",2021,5,27,Thursday,4.4,strong,mb,495.14,deep,-179.4322,-24.566,earthquake,0,",us,",us,NULL,0,0,0,",origin,phase-data,",298,6000egq1,",us6000egq1,",45.59407818144721,7.181,0.68,138,reviewed
ci39906312,"10km SSW of Rosedale, CA",CA,"2021-05-27 14:19:00","2021-07-31 22:10:17",2021,5,27,Thursday,3.11,strong,ml,24.5,shallow,-119.2053333,35.3096667,earthquake,0,",ci,us,",ci,NULL,90,3.8,0,",dyfi,focal-mechanism,nearby-cities,origin,phase-data,scitech-link,",183,39906312,",ci39906312,us6000ef5b,",50,0.08949,0.21,37,reviewed
us6000ef5d,"Fiji region","Fiji region","2021-05-27 14:18:43","2021-07-31 22:10:17",2021,5,27,Thursday,4.4,strong,mb,597.32,deep,-177.8595,-19.8585,earthquake,0,",us,",us,NULL,0,0,0,",origin,phase-data,",298,6000ef5d,",us6000ef5d,",45.59407818144721,4.405,0.94,122,reviewed
us6000egq0,"Volcano Islands, Japan region","Japan region","2021-05-27 13:39:31","2021-07-31 22:10:17",2021,5,27,Thursday,4.4,strong,mb,120.53,deep,141.7654,23.5286,earthquake,0,",us,",us,NULL,0,0,0,",origin,phase-data,",298,6000egq0,",us6000egq0,",45.59407818144721,3.572,0.71,152,reviewed
us6000ef53,"67 km WNW of Copiapó, Chile",Chile,"2021-05-27 13:30:51","2021-07-31 22:10:16",2021,5,27,Thursday,4.1,strong,mb,54.44,shallow,-70.9356,-27.0916,earthquake,0,",us,",us,NULL,2,5.4,0,",dyfi,origin,phase-data,",260,6000ef53,",us6000ef53,",45.59407818144721,0.581,1.39,139,reviewed
us6000ef2t,"Southern Qinghai, China",China,"2021-05-27 13:06:08","2025-12-22 19:01:08",2021,5,27,Thursday,5.1,strong,mww,10,shallow,99.1057,34.4724,earthquake,0,",iscgem,us,",us,NULL,0,0,0,",origin,phase-data,",400,6000ef2t,",iscgem620443402,us6000ef2t,",45.59407818144721,10.869,0.7,27,reviewed
us6000egpz,"171 km SW of Bamboo Flat, India",India,"2021-05-27 13:00:47","2021-07-31 22:10:16",2021,5,27,Thursday,4.4,strong,mb,10,shallow,91.5096,10.7126,earthquake,0,",us,",us,NULL,0,0,0,",origin,phase-data,",298,6000egpz,",us6000egpz,",45.59407818144721,10.057,0.64,182,reviewed
us6000egq4,"258 km SSW of Nikolski, Alaska",Alaska,"2021-05-27 12:53:56","2021-07-31 22:10:16",2021,5,27,Thursday,3.4,strong,ml,15.75,shallow,-170.6738,50.9013,earthquake,0,",us,",us,NULL,0,0,0,",origin,phase-data,",178,6000egq4,",us6000egq4,",45.59407818144721,1.978,1.15,236,reviewed
us6000ef1y,"93 km SW of Lijiang, China",China,"2021-05-27 11:52:55","2021-07-31 22:10:14",2021,5,27,Thursday,4.2,strong,mb,10,shallow,99.5437,26.2866,earthquake,0,",us,",us,NULL,0,0,0,",origin,phase-data,",271,6000ef1y,",us6000ef1y,",45.59407818144721,4.978,0.53,81,reviewed
us6000egpw,"91 km NNW of Madang, Papua New Guinea","Papua New Guinea","2021-05-27 11:52:27","2021-07-31 22:10:14",2021,5,27,Thursday,4.4,strong,mb,29.33,shallow,145.3992,-4.4862,earthquake,0,",us,",us,NULL,0,0,0,",origin,phase-data,",298,6000egpw,",us6000egpw,",45.59407818144721,5.078,1.03,125,reviewed
us6000ef10,"14 km E of Gisenyi, Rwanda",Rwanda,"2021-05-27 09:33:54","2021-07-31 22:10:13",2021,5,27,Thursday,4.5,strong,mb,10,shallow,29.3823,-1.7149,earthquake,0,",us,",us,NULL,2,3.8,0,",dyfi,origin,phase-data,",312,6000ef10,",us6000ef10,",45.59407818144721,1.749,1.29,86,reviewed
us6000ef0w,"61 km NNE of Nushki, Pakistan",Pakistan,"2021-05-27 08:54:34","2025-12-22 18:00:58",2021,5,27,Thursday,4.7,strong,mb,10,shallow,66.2502,30.0738,earthquake,0,",us,iscgem,",us,NULL,2,3,0,",dyfi,origin,phase-data,",340,6000ef0w,",us6000ef0w,iscgem620443261,",45.59407818144721,5.042,0.71,96,reviewed
us6000ef0l,"97 km E of Shikotan, Russia",Russia,"2021-05-27 07:37:01","2021-07-31 22:10:13",2021,5,27,Thursday,4.6,strong,mb,50.28,shallow,147.9228,43.8813,earthquake,0,",us,",us,NULL,0,0,0,",origin,phase-data,",326,6000ef0l,",us6000ef0l,",45.59407818144721,3.853,0.71,136,reviewed
us6000eezr,"Fiji region","Fiji region","2021-05-27 04:34:02","2021-07-31 22:10:13",2021,5,27,Thursday,4.3,strong,mb,620.24,deep,-179.076,-21.1736,earthquake,0,",us,",us,NULL,0,0,0,",origin,phase-data,",284,6000eezr,",us6000eezr,",45.59407818144721,4.355,0.4,60,reviewed
us6000egpr,"66 km NW of Yonakuni, Japan",Japan,"2021-05-27 04:14:30","2021-07-31 22:10:12",2021,5,27,Thursday,4.7,strong,mb,10,shallow,122.5278,24.8791,earthquake,0,",us,",us,NULL,0,0,0,",origin,phase-data,",340,6000egpr,",us6000egpr,",45.59407818144721,0.601,0.64,93,reviewed
us6000egqb,"63 km WSW of Yonakuni, Japan",Japan,"2021-05-27 04:00:27","2021-07-31 22:10:12",2021,5,27,Thursday,4.9,strong,mb,10,shallow,122.4044,24.2794,earthquake,0,",us,",us,NULL,0,0,0,",origin,phase-data,",369,6000egqb,",us6000egqb,",45.59407818144721,0.584,0.79,93,reviewed
us6000eez3,"108 km NW of Sola, Vanuatu",Vanuatu,"2021-05-27 03:58:12","2025-12-22 19:01:07",2021,5,27,Thursday,5.2,strong,mww,51.11,shallow,166.7304,-13.3176,earthquake,0,",us,iscgem,",us,NULL,0,0,0,",moment-tensor,origin,phase-data,",416,6000eez3,",us6000eez3,iscgem620443005,",45.59407818144721,7.563,0.89,45,reviewed
us6000egpq,"Fiji region","Fiji region","2021-05-27 03:29:52","2021-07-31 22:10:11",2021,5,27,Thursday,4.2,strong,mb,404.03,deep,-177.9055,-20.006,earthquake,0,",us,",us,NULL,0,0,0,",origin,phase-data,",271,6000egpq,",us6000egpq,",45.59407818144721,4.438,0.45,132,reviewed
us6000ef04,"17 km ENE of Gisenyi, Rwanda",Rwanda,"2021-05-27 03:23:52","2021-07-31 22:10:11",2021,5,27,Thursday,4.3,strong,mb,10,shallow,29.3872,-1.6168,earthquake,0,",us,",us,NULL,0,0,0,",origin,phase-data,",284,6000ef04,",us6000ef04,",45.59407818144721,1.685,1.34,88,reviewed
us6000egpp,"54 km NNW of Yonakuni, Japan",Japan,"2021-05-27 03:11:56","2021-07-31 22:10:11",2021,5,27,Thursday,4.5,strong,mb,10,shallow,122.778,24.9119,earthquake,0,",us,",us,NULL,0,0,0,",origin,phase-data,",312,6000egpp,",us6000egpp,",45.59407818144721,0.49,0.39,131,reviewed
us6000eeyv,"58 km NW of Yonakuni, Japan",Japan,"2021-05-27 03:06:44","2021-07-31 22:10:11",2021,5,27,Thursday,4.6,strong,mb,10,shallow,122.6282,24.8759,earthquake,0,",us,",us,NULL,0,0,0,",origin,phase-data,",326,6000eeyv,",us6000eeyv,",45.59407818144721,0.535,0.53,82,reviewed
pr2021147000,"13 km E of Otra Banda, Dominican Republic","Dominican Republic","2021-05-27 03:01:23","2021-07-31 22:10:10",2021,5,27,Thursday,3.63,strong,md,156,deep,-68.5331,18.6431,earthquake,0,",us,pr,",pr,NULL,0,0,0,",origin,phase-data,",203,2021147000,",us6000eeyx,pr2021147000,",11,0.1993,0.78,150,reviewed
us6000egpn,"Mid-Indian Ridge","Mid-Indian Ridge","2021-05-27 02:39:13","2021-07-31 22:10:10",2021,5,27,Thursday,4.9,strong,mb,10,shallow,83.7885,-42.9777,earthquake,0,",us,",us,NULL,0,0,0,",origin,phase-data,",369,6000egpn,",us6000egpn,",45.59407818144721,11.362,0.61,92,reviewed
us6000egpt,"51 km N of Yonakuni, Japan",Japan,"2021-05-27 01:45:16","2021-07-31 22:10:09",2021,5,27,Thursday,4.6,strong,mb,10,shallow,122.9232,24.9223,earthquake,0,",us,",us,NULL,0,0,0,",origin,phase-data,",326,6000egpt,",us6000egpt,",45.59407818144721,0.46,0.6,83,reviewed
us6000egpl,"60 km NNW of Yonakuni, Japan",Japan,"2021-05-27 01:43:02","2021-07-31 22:10:09",2021,5,27,Thursday,4.1,strong,mb,10,shallow,122.6802,24.9248,earthquake,0,",us,",us,NULL,0,0,0,",origin,phase-data,",259,6000egpl,",us6000egpl,",45.59407818144721,0.546,0.75,123,reviewed
us6000eeyl,"41 km NNW of Mil’kovo, Russia",Russia,"2021-05-27 01:39:59","2021-07-31 22:10:09",2021,5,27,Thursday,4.1,strong,mb,275.98,deep,158.4642,55.0564,earthquake,0,",us,",us,NULL,0,0,0,",origin,phase-data,",259,6000eeyl,",us6000eeyl,",45.59407818144721,2.003,0.49,79,reviewed
us6000egpk,"South Sandwich Islands region","South Sandwich Islands region","2021-05-27 01:30:47","2021-07-31 22:10:08",2021,5,27,Thursday,4.7,strong,mb,89.99,deep,-26.2514,-58.0709,earthquake,0,",us,",us,NULL,0,0,0,",origin,phase-data,",340,6000egpk,",us6000egpk,",45.59407818144721,6.858,0.97,115,reviewed
us6000egps,"South Sandwich Islands region","South Sandwich Islands region","2021-05-27 01:23:08","2021-07-31 22:10:08",2021,5,27,Thursday,4.6,strong,mb,10,shallow,-24.4485,-57.6295,earthquake,0,",us,",us,NULL,0,0,0,",origin,phase-data,",326,6000egps,",us6000egps,",45.59407818144721,16.684,0.57,104,reviewed
ak0216r4n8xj,"106 km SSE of Perryville, Alaska",Alaska,"2021-05-27 01:08:41","2021-07-31 22:10:08",2021,5,27,Thursday,3.5,strong,ml,41.5,shallow,-158.4732,55.0309,earthquake,0,",us,ak,",ak,NULL,0,0,0,",origin,phase-data,",188,0216r4n8xj,",us6000eeye,ak0216r4n8xj,",45.59407818144721,3.184254625848399,0.67,121.80208981074368,reviewed
us6000eeza,"65 km SW of Adak, Alaska",Alaska,"2021-05-27 00:41:06","2021-07-31 22:10:07",2021,5,27,Thursday,4,strong,mb,43.44,shallow,-177.1766,51.3876,earthquake,0,",ak,us,",us,NULL,0,0,0,",origin,phase-data,",246,6000eeza,",ak0216r48tck,us6000eeza,",45.59407818144721,0.375,0.92,100,reviewed
us6000eey6,"64 km WNW of Mastung, Pakistan",Pakistan,"2021-05-27 00:38:28","2021-07-31 22:10:07",2021,5,27,Thursday,4.2,strong,mb,10,shallow,66.2734,30.0988,earthquake,0,",us,",us,NULL,0,1,0,",dyfi,origin,phase-data,",271,6000eey6,",us6000eey6,",45.59407818144721,5.011,0.71,123,reviewed
us6000eey3,"116 km SE of Arica, Chile",Chile,"2021-05-27 00:12:24","2021-07-31 22:10:07",2021,5,27,Thursday,4.5,strong,mb,104.62,deep,-69.5193,-19.2158,earthquake,0,",us,",us,NULL,1,2,0,",dyfi,origin,phase-data,",312,6000eey3,",us6000eey3,",45.59407818144721,0.544,0.68,103,reviewed
us6000eey2,"56 km NW of Yonakuni, Japan",Japan,"2021-05-27 00:00:34","2021-07-31 22:10:06",2021,5,27,Thursday,4.5,strong,mb,11.6,shallow,122.6577,24.8686,earthquake,0,",us,",us,NULL,0,0,0,",origin,phase-data,",312,6000eey2,",us6000eey2,",45.59407818144721,0.513,0.74,73,reviewed
us7000edec,"63 km NNW of Yonakuni, Japan",Japan,"2021-05-26 23:54:07","2021-07-31 22:10:06",2021,5,26,Wednesday,4.4,strong,mb,10,shallow,122.6732,24.9545,earthquake,0,",us,",us,NULL,0,0,0,",origin,phase-data,",298,7000edec,",us7000edec,",45.59407818144721,0.574,0.58,145,reviewed
us6000egla,"63 km NW of Yonakuni, Japan",Japan,"2021-05-26 23:53:11","2021-07-31 22:10:06",2021,5,26,Wednesday,4.1,strong,mb,14.64,shallow,122.5931,24.9049,earthquake,0,",us,",us,NULL,0,0,0,",origin,phase-data,",259,6000egla,",us6000egla,",45.59407818144721,0.578,0.68,136,reviewed
us6000eglj,"17 km SSE of Gisenyi, Rwanda",Rwanda,"2021-05-26 23:26:58","2021-07-31 22:10:06",2021,5,26,Wednesday,4.5,strong,mb,12.86,shallow,29.2957,-1.855,earthquake,0,",us,",us,NULL,0,0,0,",origin,phase-data,",312,6000eglj,",us6000eglj,",45.59407818144721,1.905,1.15,131,reviewed
us6000eexu,"11 km SE of Gisenyi, Rwanda",Rwanda,"2021-05-26 23:19:33","2021-07-31 22:10:05",2021,5,26,Wednesday,4.5,strong,mb,12.91,shallow,29.3238,-1.7819,earthquake,0,",us,",us,NULL,5,3.4,0,",dyfi,origin,phase-data,",313,6000eexu,",us6000eexu,",45.59407818144721,1.836,0.47,110,reviewed
us6000egli,"58 km NW of Yonakuni, Japan",Japan,"2021-05-26 23:15:51","2021-07-31 22:10:05",2021,5,26,Wednesday,4.2,strong,mb,10,shallow,122.5477,24.7895,earthquake,0,",us,",us,NULL,0,0,0,",origin,phase-data,",271,6000egli,",us6000egli,",45.59407818144721,0.53,0.56,124,reviewed
us6000eexn,"102 km ENE of Iquique, Chile",Chile,"2021-05-26 22:39:25","2021-07-31 22:10:05",2021,5,26,Wednesday,4.1,strong,mb,97.48,deep,-69.2001,-19.9968,earthquake,0,",us,",us,NULL,1,2,0,",dyfi,origin,phase-data,",259,6000eexn,",us6000eexn,",45.59407818144721,0.15,0.41,60,reviewed
us6000eglc,"66 km ESE of Jiufen, Taiwan",Taiwan,"2021-05-26 22:12:02","2021-07-31 22:10:04",2021,5,26,Wednesday,4.2,strong,mb,7.72,shallow,122.4798,24.9666,earthquake,0,",us,",us,NULL,0,0,0,",origin,phase-data,",271,6000eglc,",us6000eglc,",45.59407818144721,0.693,0.37,111,reviewed
us6000eex3,"59 km NW of Yonakuni, Japan",Japan,"2021-05-26 21:51:25","2021-07-31 22:10:04",2021,5,26,Wednesday,4.6,strong,mb,8.42,shallow,122.6358,24.8855,earthquake,0,",us,",us,NULL,0,0,0,",origin,phase-data,",326,6000eex3,",us6000eex3,",45.59407818144721,0.538,0.78,110,reviewed
us6000eglf,"93 km NE of Amahai, Indonesia",Indonesia,"2021-05-26 21:37:01","2021-07-31 22:10:04",2021,5,26,Wednesday,4.1,strong,mb,10,shallow,129.5237,-2.7532,earthquake,0,",us,",us,NULL,0,0,0,",origin,phase-data,",259,6000eglf,",us6000eglf,",45.59407818144721,2.556,1,100,reviewed
hv72489347,"1 km E of P?hala, Hawaii",Hawaii,"2021-05-26 21:25:47","2021-07-31 22:10:04",2021,5,26,Wednesday,3.14,strong,ml,36.19,shallow,-155.465333333333,19.2026666666667,earthquake,0,",us,hv,",hv,NULL,0,0,0,",origin,phase-data,",152,72489347,",us6000eewq,hv72489347,",58,3.184254625848399,0.11,101,reviewed
tx2021kgoi,"56 km S of Whites City, New Mexico","New Mexico","2021-05-26 21:24:18","2021-07-31 22:10:03",2021,5,26,Wednesday,3.1,strong,ml,7.365551758,shallow,-104.373047,31.66848093,earthquake,0,",tx,us,",tx,NULL,1,2.2,0,",dyfi,origin,phase-data,",148,2021kgoi,",tx2021kgoi,us6000eewp,",36,0.1088882387,0.2,59,reviewed
us6000eewx,"71 km ESE of Jiufen, Taiwan",Taiwan,"2021-05-26 21:24:05","2021-07-31 22:10:03",2021,5,26,Wednesday,4.6,strong,mb,2.19,shallow,122.5352,24.9786,earthquake,0,",us,",us,NULL,0,0,0,",origin,phase-data,",326,6000eewx,",us6000eewx,",45.59407818144721,0.668,0.54,108,reviewed
us6000egle,"58 km NNW of Yonakuni, Japan",Japan,"2021-05-26 21:23:40","2021-07-31 22:10:03",2021,5,26,Wednesday,4,strong,mb,17.35,shallow,122.7094,24.9208,earthquake,0,",us,",us,NULL,0,0,0,",origin,phase-data,",246,6000egle,",us6000egle,",45.59407818144721,0.528,0.44,124,reviewed
us6000eewr,"70 km ESE of Jiufen, Taiwan",Taiwan,"2021-05-26 21:21:11","2021-07-31 22:10:02",2021,5,26,Wednesday,4.5,strong,mb,7.08,shallow,122.5056,24.9149,earthquake,0,",us,",us,NULL,0,0,0,",origin,phase-data,",312,6000eewr,",us6000eewr,",45.59407818144721,0.64,0.59,65,reviewed
ci39905824,"10km SSE of Santa Barbara, CA",CA,"2021-05-26 21:12:12","2021-07-31 22:10:02",2021,5,26,Wednesday,3.31,strong,ml,11.45,shallow,-119.6486667,34.3426667,earthquake,0,",ci,us,",ci,NULL,261,3.8,3.424,",dyfi,focal-mechanism,nearby-cities,origin,phase-data,scitech-link,shakemap,",268,39905824,",ci39905824,us6000eewl,",89,0.08713,0.28,77,reviewed
us6000eewe,"140 km E of Hachinohe, Japan",Japan,"2021-05-26 21:04:04","2021-07-31 22:10:02",2021,5,26,Wednesday,4.8,strong,mb,38.17,shallow,143.1582,40.5175,earthquake,0,",us,",us,NULL,0,0,0,",origin,phase-data,",354,6000eewe,",us6000eewe,",45.59407818144721,1.496,0.53,128,reviewed
us6000egl3,"39 km NNE of Sísion, Greece",Greece,"2021-05-26 19:52:31","2021-07-31 22:10:01",2021,5,26,Wednesday,4.1,strong,mb,37.75,shallow,25.6622,35.644,earthquake,0,",us,",us,NULL,0,0,0,",origin,phase-data,",259,6000egl3,",us6000egl3,",45.59407818144721,0.723,1.12,116,reviewed
us6000eevw,"65 km WNW of Yonakuni, Japan",Japan,"2021-05-26 19:45:49","2021-07-31 22:10:01",2021,5,26,Wednesday,4.6,strong,mb,10,shallow,122.4169,24.722,earthquake,0,",us,",us,NULL,0,0,0,",origin,phase-data,",326,6000eevw,",us6000eevw,",45.59407818144721,0.597,1.02,84,reviewed
us6000egl0,"80 km SSE of Gorontalo, Indonesia",Indonesia,"2021-05-26 19:16:59","2021-07-31 22:10:01",2021,5,26,Wednesday,4.3,strong,mb,142.56,deep,123.2845,-0.1522,earthquake,0,",us,",us,NULL,0,0,0,",origin,phase-data,",284,6000egl0,",us6000egl0,",45.59407818144721,1.021,0.97,107,reviewed
us6000eevm,"118 km NW of Sola, Vanuatu",Vanuatu,"2021-05-26 18:56:49","2021-07-31 22:10:00",2021,5,26,Wednesday,4.6,strong,mb,89.41,deep,166.6767,-13.2328,earthquake,0,",us,",us,NULL,0,0,0,",origin,phase-data,",326,6000eevm,",us6000eevm,",45.59407818144721,7.599,1.07,86,reviewed
us6000egl4,"4 km S of Gisenyi, Rwanda",Rwanda,"2021-05-26 17:32:56","2021-07-31 22:10:00",2021,5,26,Wednesday,4.5,strong,mb,12.65,shallow,29.2551,-1.7394,earthquake,0,",us,",us,NULL,0,0,0,",origin,phase-data,",312,6000egl4,",us6000egl4,",45.59407818144721,1.864,0.48,93,reviewed
us6000egky,"60 km NNW of Yonakuni, Japan",Japan,"2021-05-26 16:54:19","2021-07-31 22:09:59",2021,5,26,Wednesday,4.3,strong,mb,10,shallow,122.6732,24.927,earthquake,0,",us,",us,NULL,0,0,0,",origin,phase-data,",284,6000egky,",us6000egky,",45.59407818144721,0.551,1.16,143,reviewed
us6000egl1,"175 km SSE of Alo, Wallis and Futuna","Wallis and Futuna","2021-05-26 16:29:05","2021-07-31 22:09:59",2021,5,26,Wednesday,4,strong,mb,427.66,deep,-177.4031,-15.7437,earthquake,0,",us,",us,NULL,0,0,0,",origin,phase-data,",246,6000egl1,",us6000egl1,",45.59407818144721,1.587,0.68,108,reviewed
us6000egl6,"9 km SE of Gisenyi, Rwanda",Rwanda,"2021-05-26 16:07:18","2021-07-31 22:09:58",2021,5,26,Wednesday,4.5,strong,mb,10,shallow,29.304,-1.7731,earthquake,0,",us,",us,NULL,0,0,0,",origin,phase-data,",312,6000egl6,",us6000egl6,",45.59407818144721,1.846,0.73,176,reviewed
us6000egkv,"59 km NW of Yonakuni, Japan",Japan,"2021-05-26 15:57:55","2021-07-31 22:09:58",2021,5,26,Wednesday,4.3,strong,mb,10,shallow,122.5866,24.8455,earthquake,0,",us,",us,NULL,0,0,0,",origin,phase-data,",284,6000egkv,",us6000egkv,",45.59407818144721,0.539,0.69,131,reviewed
us6000egkm,"142 km NW of Tobelo, Indonesia",Indonesia,"2021-05-26 14:35:32","2021-07-31 22:09:58",2021,5,26,Wednesday,4.3,strong,mb,35,shallow,127.0126,2.5387,earthquake,0,",us,",us,NULL,0,0,0,",origin,phase-data,",284,6000egkm,",us6000egkm,",45.59407818144721,1.79,0.62,157,reviewed
us7000e6dc,"14 km SW of Kabanjahe, Indonesia",Indonesia,"2021-05-26 13:38:04","2021-07-31 22:09:57",2021,5,26,Wednesday,4.4,strong,mb,137.24,deep,98.4116,3.0015,earthquake,0,",us,",us,NULL,0,0,0,",origin,phase-data,",298,7000e6dc,",us7000e6dc,",45.59407818144721,0.595,0.44,116,reviewed
pr2021146005,"49 km N of Hatillo, Puerto Rico","Puerto Rico","2021-05-26 13:32:26","2021-07-31 22:09:57",2021,5,26,Wednesday,3.47,strong,md,14,shallow,-66.8633,18.932,earthquake,0,",pr,us,",pr,NULL,1,1,0,",dyfi,origin,phase-data,",185,2021146005,",pr2021146005,us7000e6d9,",13,0.5265,0.36,275,reviewed
us6000egkk,"Kermadec Islands, New Zealand","New Zealand","2021-05-26 13:00:17","2021-07-31 22:09:57",2021,5,26,Wednesday,4.5,strong,mb,137.26,deep,-178.2329,-30.2867,earthquake,0,",us,",us,NULL,0,0,0,",origin,phase-data,",312,6000egkk,",us6000egkk,",45.59407818144721,15.495,0.49,172,reviewed
us6000egki,"52 km ESE of Ust’-Kamchatsk Staryy, Russia",Russia,"2021-05-26 12:55:56","2021-07-31 22:09:57",2021,5,26,Wednesday,4,strong,mb,10,shallow,163.2989,56.1001,earthquake,0,",us,",us,NULL,0,0,0,",origin,phase-data,",246,6000egki,",us6000egki,",45.59407818144721,4.101,0.35,123,reviewed
us6000egkf,"66 km NW of Yonakuni, Japan",Japan,"2021-05-26 12:31:43","2021-07-31 22:09:56",2021,5,26,Wednesday,4.3,strong,mb,10,shallow,122.4961,24.852,earthquake,0,",us,",us,NULL,0,0,0,",origin,phase-data,",284,6000egkf,",us6000egkf,",45.59407818144721,0.605,0.31,98,reviewed
us7000e6cx,"19 km W of Changuillo, Peru",Peru,"2021-05-26 12:10:31","2022-08-09 05:14:55",2021,5,26,Wednesday,4.4,strong,mb,50.61,shallow,-75.3979,-14.6938,earthquake,0,",us,",us,NULL,1,2,0,",dyfi,origin,phase-data,",298,7000e6cx,",us7000e6cx,",45.59407818144721,3.035,0.67,115,reviewed
us6000egkc,"8 km NE of Gisenyi, Rwanda",Rwanda,"2021-05-26 11:41:19","2021-07-31 22:09:55",2021,5,26,Wednesday,4.4,strong,mb,10,shallow,29.3085,-1.6522,earthquake,0,",us,",us,NULL,1,4.6,0,",dyfi,origin,phase-data,",298,6000egkc,",us6000egkc,",45.59407818144721,1.769,0.33,85,reviewed
us6000egkw,"146 km WNW of Tobelo, Indonesia",Indonesia,"2021-05-26 11:13:00","2021-07-31 22:09:55",2021,5,26,Wednesday,4.3,strong,mb,53.53,shallow,126.7655,2.1531,earthquake,0,",us,",us,NULL,0,0,0,",origin,phase-data,",284,6000egkw,",us6000egkw,",45.59407818144721,1.498,0.32,188,reviewed
us7000e6c8,"1 km SSW of Gisenyi, Rwanda",Rwanda,"2021-05-26 08:51:59","2021-07-31 22:09:54",2021,5,26,Wednesday,4.4,strong,mb,10,shallow,29.2514,-1.7157,earthquake,0,",us,",us,NULL,0,0,0,",origin,phase-data,",298,7000e6c8,",us7000e6c8,",45.59407818144721,1.853,0.75,86,reviewed
us6000egkj,"Fiji region","Fiji region","2021-05-26 07:36:31","2021-07-31 22:09:54",2021,5,26,Wednesday,4.3,strong,mb,549,deep,-178.1835,-20.3224,earthquake,0,",us,",us,NULL,0,0,0,",origin,phase-data,",284,6000egkj,",us6000egkj,",45.59407818144721,4.387,0.7,164,reviewed
us6000egka,"64 km NW of Yonakuni, Japan",Japan,"2021-05-26 07:05:07","2021-07-31 22:09:54",2021,5,26,Wednesday,4.2,strong,mb,9.2,shallow,122.5482,24.8767,earthquake,0,",us,",us,NULL,0,0,0,",origin,phase-data,",271,6000egka,",us6000egka,",45.59407818144721,0.586,0.52,111,reviewed
pr2021146003,"54 km N of Isabela, Puerto Rico","Puerto Rico","2021-05-26 07:02:32","2021-07-31 22:09:53",2021,5,26,Wednesday,3.42,strong,md,7,shallow,-67.0655,18.9871,earthquake,0,",us,pr,",pr,NULL,0,0,0,",origin,phase-data,",180,2021146003,",us7000e6bn,pr2021146003,",21,0.5216,0.47,219,reviewed
us6000eew7,"28 km ESE of Gisenyi, Rwanda",Rwanda,"2021-05-26 07:01:18","2021-07-31 22:09:53",2021,5,26,Wednesday,4.2,strong,mb,10,shallow,29.4858,-1.8137,earthquake,0,",us,",us,NULL,1,2.2,0,",dyfi,origin,phase-data,",272,6000eew7,",us6000eew7,",45.59407818144721,1.736,0.98,163,reviewed
us6000egke,"65 km NNW of Yonakuni, Japan",Japan,"2021-05-26 06:59:25","2021-07-31 22:09:53",2021,5,26,Wednesday,4.6,strong,mb,10,shallow,122.64,24.9612,earthquake,0,",us,",us,NULL,0,0,0,",origin,phase-data,",326,6000egke,",us6000egke,",45.59407818144721,0.596,0.83,67,reviewed
us6000egk8,"137 km NNW of Finschhafen, Papua New Guinea","Papua New Guinea","2021-05-26 06:42:20","2021-07-31 22:09:52",2021,5,26,Wednesday,4.3,strong,mb,176.34,deep,147.2011,-5.4989,earthquake,0,",us,",us,NULL,0,0,0,",origin,phase-data,",284,6000egk8,",us6000egk8,",45.59407818144721,3.436,0.73,168,reviewed
pr2021146004,"64 km NE of Samaná, Dominican Republic","Dominican Republic","2021-05-26 06:15:25","2021-05-26 08:12:51",2021,5,26,Wednesday,3.24,strong,md,26,shallow,-68.8688,19.5766,earthquake,0,",pr,",pr,NULL,0,0,0,",origin,phase-data,",162,2021146004,",pr2021146004,",13,1.1691,0.4,264,reviewed
us6000egk7,"Southern Qinghai, China",China,"2021-05-26 05:54:13","2021-07-31 22:09:52",2021,5,26,Wednesday,4,strong,mb,10,shallow,98.3261,34.65,earthquake,0,",us,",us,NULL,0,0,0,",origin,phase-data,",246,6000egk7,",us6000egk7,",45.59407818144721,4.58,0.57,88,reviewed
us6000eglg,"Volcano Islands, Japan region","Japan region","2021-05-26 05:49:59","2021-07-31 22:09:52",2021,5,26,Wednesday,4.1,strong,mb,188.19,deep,140.914,25.2827,earthquake,0,",us,",us,NULL,0,0,0,",origin,phase-data,",259,6000eglg,",us6000eglg,",45.59407818144721,2.136,0.95,129,reviewed
pr2021146002,"6 km WSW of Fuig, Puerto Rico","Puerto Rico","2021-05-26 04:58:03","2021-07-31 22:09:51",2021,5,26,Wednesday,3.39,strong,md,8,shallow,-66.9795,17.9711,earthquake,0,",pr,us,",pr,NULL,5,3.4,2.842,",dyfi,origin,phase-data,shakemap,",179,2021146002,",pr2021146002,us7000e6b4,",21,0.1348,0.14,196,reviewed
us6000egk5,"162 km NE of Labasa, Fiji",Fiji,"2021-05-26 04:24:00","2021-07-31 22:09:51",2021,5,26,Wednesday,4.2,strong,mb,439.66,deep,-179.5281,-15.4343,earthquake,0,",us,",us,NULL,0,0,0,",origin,phase-data,",271,6000egk5,",us6000egk5,",45.59407818144721,1.762,0.65,129,reviewed
us7000e6aq,"16 km E of Gisenyi, Rwanda",Rwanda,"2021-05-26 03:46:32","2021-07-31 22:09:50",2021,5,26,Wednesday,4.7,strong,mb,10,shallow,29.4006,-1.7237,earthquake,0,",us,",us,green,13,5.4,5.739,",dyfi,losspager,origin,phase-data,shakemap,",347,7000e6aq,",us7000e6aq,",45.59407818144721,1.74,0.81,73,reviewed
us7000e69m,"Mariana Islands region","Mariana Islands region","2021-05-26 01:12:00","2021-07-31 22:09:50",2021,5,26,Wednesday,4.5,strong,mb,298.53,deep,143.2184,21.5935,earthquake,0,",us,",us,NULL,0,0,0,",origin,phase-data,",312,7000e69m,",us7000e69m,",45.59407818144721,5.558,0.73,110,reviewed
us6000egk4,"southeast of the Loyalty Islands","southeast of the Loyalty Islands","2021-05-26 01:04:42","2021-07-31 22:09:49",2021,5,26,Wednesday,4.6,strong,mb,10,shallow,172.1995,-22.958,earthquake,0,",us,",us,NULL,0,0,0,",origin,phase-data,",326,6000egk4,",us6000egk4,",45.59407818144721,4.399,0.68,115,reviewed
us7000e69f,"67 km NW of Yonakuni, Japan",Japan,"2021-05-26 00:43:16","2021-07-31 22:09:49",2021,5,26,Wednesday,4.4,strong,mb,10,shallow,122.4615,24.8253,earthquake,0,",us,",us,NULL,0,0,0,",origin,phase-data,",298,7000e69f,",us7000e69f,",45.59407818144721,0.614,1.05,58,reviewed
us6000efkx,"12 km N of Tanabe, Japan",Japan,"2021-05-25 23:57:41","2021-07-31 22:09:49",2021,5,25,Tuesday,4.3,strong,mb,50.51,shallow,135.3825,33.8408,earthquake,0,",us,",us,NULL,0,0,0,",origin,phase-data,",284,6000efkx,",us6000efkx,",45.59407818144721,1.259,0.64,81,reviewed
iscgem620441036,"southeast of Easter Island","southeast of Easter Island","2021-05-25 23:20:50","2025-12-22 19:01:04",2021,5,25,Tuesday,5.24,strong,mw,10,shallow,-89.112,-41.365,earthquake,0,",iscgem,",iscgem,NULL,0,0,0,",origin,",422,620441036,",iscgem620441036,",45.59407818144721,3.184254625848399,0.6550319084130647,121.80208981074368,reviewed
us6000efkv,"65 km NW of Yonakuni, Japan",Japan,"2021-05-25 22:56:09","2021-07-31 22:09:48",2021,5,25,Tuesday,4.3,strong,mb,10,shallow,122.4624,24.7982,earthquake,0,",us,",us,NULL,0,0,0,",origin,phase-data,",284,6000efkv,",us6000efkv,",45.59407818144721,0.598,0.89,56,reviewed
us7000e68t,"67 km NW of Yonakuni, Japan",Japan,"2021-05-25 22:21:35","2021-07-31 22:09:48",2021,5,25,Tuesday,4.6,strong,mb,10,shallow,122.5463,24.9177,earthquake,0,",us,",us,NULL,0,0,0,",origin,phase-data,",326,7000e68t,",us7000e68t,",45.59407818144721,0.616,0.77,68,reviewed
us6000efky,"51 km W of Kot Malik Barkhurdar, Pakistan",Pakistan,"2021-05-25 22:12:19","2021-07-31 22:09:48",2021,5,25,Tuesday,4.2,strong,mb,10,shallow,66.4514,30.2556,earthquake,0,",us,",us,NULL,0,0,0,",origin,phase-data,",271,6000efky,",us6000efky,",45.59407818144721,4.802,0.74,121,reviewed
us7000e68i,"12 km E of Otlukbeli, Turkey",Turkey,"2021-05-25 21:37:54","2021-07-31 22:09:47",2021,5,25,Tuesday,4.3,strong,mb,10,shallow,40.1588,39.985,earthquake,0,",us,",us,NULL,1,2,0,",dyfi,origin,phase-data,",285,7000e68i,",us7000e68i,",45.59407818144721,0.262,1.2,44,reviewed
us7000e68h,"147 km NW of Neiafu, Tonga",Tonga,"2021-05-25 21:36:44","2025-12-22 19:01:03",2021,5,25,Tuesday,5.7,strong,mww,201.18,deep,-174.8081,-17.5761,earthquake,0,",usauto,pt,us,iscgem,",us,green,0,0,3.305,",internal-moment-tensor,internal-origin,losspager,moment-tensor,origin,phase-data,shakemap,",500,7000e68h,",usauto7000e68h,pt21145000,us7000e68h,iscgem620441028,",45.59407818144721,4.551,0.83,67,reviewed
us7000e68e,"12 km NNW of Lop?tari, Romania",Romania,"2021-05-25 21:30:37","2022-05-25 04:47:07",2021,5,25,Tuesday,4.3,strong,mb,127.97,deep,26.5231,45.587,earthquake,0,",us,",us,NULL,13,4.1,0,",dyfi,origin,phase-data,",290,7000e68e,",us7000e68e,",45.59407818144721,0.417,1.21,18,reviewed
us6000efkt,"southern Mid-Atlantic Ridge","southern Mid-Atlantic Ridge","2021-05-25 21:25:50","2021-07-31 22:09:46",2021,5,25,Tuesday,4.7,strong,mb,10,shallow,-13.812,-32.2816,earthquake,0,",us,",us,NULL,0,0,0,",origin,phase-data,",340,6000efkt,",us6000efkt,",45.59407818144721,30.873,0.63,95,reviewed
uu60437827,"15 km SW of Circleville, Utah",Utah,"2021-05-25 21:14:54","2021-08-03 16:22:30",2021,5,25,Tuesday,3.6,strong,ml,6.75,shallow,-112.4053333,38.0775,earthquake,0,",uu,us,",uu,NULL,4,2,3.809,",dyfi,moment-tensor,origin,phase-data,shakemap,",200,60437827,",uu60437827,us7000e68b,",27,0.4681,0.21,58,reviewed
us7000e680,"118 km ESE of Saga, China",China,"2021-05-25 20:46:06","2021-07-31 22:09:46",2021,5,25,Tuesday,4.5,strong,mb,10,shallow,86.3755,28.9684,earthquake,0,",us,",us,NULL,0,0,0,",origin,phase-data,",312,7000e680,",us7000e680,",45.59407818144721,1.076,0.53,66,reviewed
us6000efks,"48 km SSW of Turt, Mongolia",Mongolia,"2021-05-25 20:44:45","2021-07-31 22:09:46",2021,5,25,Tuesday,4.4,strong,mb,17.72,shallow,100.2876,51.1355,earthquake,0,",us,",us,NULL,0,0,0,",origin,phase-data,",298,6000efks,",us6000efks,",45.59407818144721,2.171,0.59,89,reviewed
us7000e685,"18 km ENE of Gisenyi, Rwanda",Rwanda,"2021-05-25 20:38:12","2021-07-31 22:09:45",2021,5,25,Tuesday,4.3,strong,mb,10,shallow,29.4184,-1.6688,earthquake,0,",us,",us,NULL,5,3.4,0,",dyfi,origin,phase-data,",286,7000e685,",us7000e685,",45.59407818144721,1.692,0.79,85,reviewed
us6000efkz,"66 km NW of Yonakuni, Japan",Japan,"2021-05-25 20:03:58","2021-07-31 22:09:45",2021,5,25,Tuesday,4.3,strong,mb,12.41,shallow,122.634,24.9642,earthquake,0,",us,",us,NULL,0,0,0,",origin,phase-data,",284,6000efkz,",us6000efkz,",45.59407818144721,0.602,0.58,77,reviewed
us7000e67m,"98 km W of San Antonio de los Cobres, Argentina",Argentina,"2021-05-25 19:55:52","2021-07-31 22:09:44",2021,5,25,Tuesday,4.2,strong,mb,174.82,deep,-67.2724,-24.3675,earthquake,0,",us,",us,NULL,0,0,0,",origin,phase-data,",271,7000e67m,",us7000e67m,",45.59407818144721,1.635,1.25,90,reviewed
us6000efkq,"104 km NW of Ternate, Indonesia",Indonesia,"2021-05-25 19:45:14","2021-07-31 22:09:44",2021,5,25,Tuesday,4.1,strong,mb,75.81,deep,126.8584,1.571,earthquake,0,",us,",us,NULL,0,0,0,",origin,phase-data,",259,6000efkq,",us6000efkq,",45.59407818144721,0.942,0.4,162,reviewed
us7000e670,"276 km WNW of Haveluloto, Tonga",Tonga,"2021-05-25 19:27:22","2021-07-31 22:09:44",2021,5,25,Tuesday,4.4,strong,mb,515.43,deep,-177.5541,-19.9789,earthquake,0,",us,",us,NULL,0,0,0,",origin,phase-data,",298,7000e670,",us7000e670,",45.59407818144721,4.716,0.96,41,reviewed
us7000e66y,"19 km ESE of Mawlaik, Myanmar",Myanmar,"2021-05-25 19:23:08","2021-07-31 22:09:44",2021,5,25,Tuesday,4.1,strong,mb,99.63,deep,94.5857,23.593,earthquake,0,",us,",us,NULL,0,0,0,",origin,phase-data,",259,7000e66y,",us7000e66y,",45.59407818144721,0.685,0.68,102,reviewed
us7000e66k,"72 km NNW of Taltal, Chile",Chile,"2021-05-25 18:53:17","2021-07-31 22:09:43",2021,5,25,Tuesday,4.3,strong,mb,26.68,shallow,-70.6975,-24.7791,earthquake,0,",us,",us,NULL,0,0,0,",origin,phase-data,",284,7000e66k,",us7000e66k,",45.59407818144721,0.307,0.72,176,reviewed
us7000e66g,"26 km SSE of Wright, Wyoming",Wyoming,"2021-05-25 18:50:16","2021-07-31 22:09:43",2021,5,25,Tuesday,3.2,strong,ml,0,shallow,-105.3219,43.5521,"mining explosion",0,",us,",us,NULL,0,0,0,",origin,phase-data,",158,7000e66g,",us7000e66g,",45.59407818144721,1.09,0.69,69,reviewed
ok2021kemx,"3 km WNW of Shattuck, Oklahoma",Oklahoma,"2021-05-25 18:24:57","2021-07-31 22:09:43",2021,5,25,Tuesday,4.05,strong,mwr,7.67,shallow,-99.91466667,36.28616667,earthquake,0,",us,ok,tx,",ok,NULL,108,5,4.924,",dyfi,moment-tensor,origin,phase-data,shakemap,",306,2021kemx,",us7000e66b,ok2021kemx,tx2021kemx,",62,0,0.13,136,reviewed
us7000e65z,"Kuril Islands","Kuril Islands","2021-05-25 17:46:47","2021-07-31 22:09:42",2021,5,25,Tuesday,4.3,strong,mb,10,shallow,153.0347,47.9004,earthquake,0,",us,",us,NULL,0,0,0,",origin,phase-data,",284,7000e65z,",us7000e65z,",45.59407818144721,6.002,0.74,154,reviewed
us7000e65n,"31 km SE of Amahai, Indonesia",Indonesia,"2021-05-25 17:26:17","2021-07-31 22:09:42",2021,5,25,Tuesday,5.1,strong,mb,41.58,shallow,129.0913,-3.5622,earthquake,0,",us,",us,NULL,1,3.4,0,",dyfi,origin,phase-data,",400,7000e65n,",us7000e65n,",45.59407818144721,3.216,0.6,23,reviewed
us6000efkn,"northern Sumatra, Indonesia",Indonesia,"2021-05-25 17:14:57","2021-07-31 22:09:41",2021,5,25,Tuesday,4.5,strong,mb,106.91,deep,94.8437,5.8093,earthquake,0,",us,",us,NULL,0,0,0,",origin,phase-data,",312,6000efkn,",us6000efkn,",45.59407818144721,2.171,1.02,192,reviewed
us7000e65h,"92 km E of Iquique, Chile",Chile,"2021-05-25 16:52:50","2021-07-31 22:09:41",2021,5,25,Tuesday,4.2,strong,mb,109.5,deep,-69.2682,-20.2466,earthquake,0,",us,",us,NULL,5,2.5,0,",dyfi,origin,phase-data,",273,7000e65h,",us7000e65h,",45.59407818144721,0.15,0.49,107,reviewed
us7000e65g,"15 km SSW of Hualien City, Taiwan",Taiwan,"2021-05-25 16:47:58","2021-07-31 22:09:41",2021,5,25,Tuesday,4.4,strong,mwr,10,shallow,121.5384,23.8467,earthquake,0,",us,",us,NULL,2,4.1,0,",dyfi,moment-tensor,origin,phase-data,",299,7000e65g,",us7000e65g,",45.59407818144721,0.329,0.6,62,reviewed
us6000efkl,"38 km SE of K?zer?n, Iran",Iran,"2021-05-25 16:22:16","2021-07-31 22:09:41",2021,5,25,Tuesday,4.2,strong,mb,10,shallow,51.8993,29.342,earthquake,0,",us,",us,NULL,0,0,0,",origin,phase-data,",271,6000efkl,",us6000efkl,",45.59407818144721,5.82,0.46,88,reviewed
us7000e647,"North Atlantic Ocean","North Atlantic Ocean","2021-05-25 16:19:25","2021-07-31 22:09:40",2021,5,25,Tuesday,4.5,strong,mb,10,shallow,-67.9074,22.6215,earthquake,0,",us,",us,NULL,0,0,0,",origin,phase-data,",312,7000e647,",us7000e647,",45.59407818144721,3.189,0.44,160,reviewed
us6000efkh,"221 km ESE of Kirakira, Solomon Islands","Solomon Islands","2021-05-25 16:12:04","2021-07-31 22:09:40",2021,5,25,Tuesday,4.4,strong,mb,10,shallow,163.7665,-11.2806,earthquake,0,",us,",us,NULL,0,0,0,",origin,phase-data,",298,6000efkh,",us6000efkh,",45.59407818144721,4.179,0.88,88,reviewed
us7000e642,"153 km ENE of Gizo, Solomon Islands","Solomon Islands","2021-05-25 16:04:38","2021-07-31 22:09:40",2021,5,25,Tuesday,5,strong,mb,35,shallow,158.1843,-7.7509,earthquake,0,",us,",us,NULL,0,0,0,",origin,phase-data,",385,7000e642,",us7000e642,",45.59407818144721,2.419,0.83,60,reviewed
us6000efkf,"Taiwan region","Taiwan region","2021-05-25 15:48:41","2021-07-31 22:09:40",2021,5,25,Tuesday,4.3,strong,mb,10,shallow,122.5833,24.9411,earthquake,0,",us,",us,NULL,0,0,0,",origin,phase-data,",284,6000efkf,",us6000efkf,",45.59407818144721,0.611,0.92,72,reviewed
us7000e63x,"63 km NW of Yonakuni, Japan",Japan,"2021-05-25 15:42:18","2021-07-31 22:09:39",2021,5,25,Tuesday,4.6,strong,mb,7.91,shallow,122.5647,24.8856,earthquake,0,",us,",us,NULL,0,0,0,",origin,phase-data,",326,7000e63x,",us7000e63x,",45.59407818144721,0.581,0.65,68,reviewed
us7000e643,"216 km ESE of Kirakira, Solomon Islands","Solomon Islands","2021-05-25 15:29:27","2021-07-31 22:09:39",2021,5,25,Tuesday,4.6,strong,mb,10,shallow,163.779,-11.1328,earthquake,0,",us,",us,NULL,0,0,0,",origin,phase-data,",326,7000e643,",us7000e643,",45.59407818144721,4.129,1.19,84,reviewed
us6000efke,"Kermadec Islands region","Kermadec Islands region","2021-05-25 15:09:12","2021-07-31 22:09:39",2021,5,25,Tuesday,4.3,strong,mb,117.25,deep,-179.2735,-31.9742,earthquake,0,",us,",us,NULL,0,0,0,",origin,phase-data,",284,6000efke,",us6000efke,",45.59407818144721,5.919,0.7,190,reviewed
us6000efkd,"south of the Fiji Islands","south of the Fiji Islands","2021-05-25 14:42:39","2021-07-31 22:09:38",2021,5,25,Tuesday,4.3,strong,mb,544.45,deep,-179.6309,-23.5728,earthquake,0,",us,",us,NULL,0,0,0,",origin,phase-data,",284,6000efkd,",us6000efkd,",45.59407818144721,6.19,0.39,201,reviewed
us7000e63d,"235 km E of Levuka, Fiji",Fiji,"2021-05-25 14:25:14","2021-07-31 22:09:38",2021,5,25,Tuesday,4.3,strong,mb,573.78,deep,-178.4696,-17.9217,earthquake,0,",us,",us,NULL,0,0,0,",origin,phase-data,",284,7000e63d,",us7000e63d,",45.59407818144721,3.317,0.63,114,reviewed
us6000efkc,"Izu Islands, Japan region","Japan region","2021-05-25 14:22:19","2021-07-31 22:09:37",2021,5,25,Tuesday,4.3,strong,mb,18.58,shallow,141.3487,32.3944,earthquake,0,",us,",us,NULL,0,0,0,",origin,phase-data,",284,6000efkc,",us6000efkc,",45.59407818144721,1.479,0.42,106,reviewed
us6000efkb,"167 km N of Bamboo Flat, India",India,"2021-05-25 14:14:37","2021-07-31 22:09:37",2021,5,25,Tuesday,4.5,strong,mb,10,shallow,92.8437,13.2087,earthquake,0,",us,",us,NULL,0,0,0,",origin,phase-data,",312,6000efkb,",us6000efkb,",45.59407818144721,7.853,0.43,145,reviewed
us6000efka,"269 km WNW of Haveluloto, Tonga",Tonga,"2021-05-25 12:44:15","2021-07-31 22:09:37",2021,5,25,Tuesday,4.3,strong,mb,533.14,deep,-177.7174,-20.5316,earthquake,0,",us,",us,NULL,0,0,0,",origin,phase-data,",284,6000efka,",us6000efka,",45.59407818144721,4.865,0.37,138,reviewed
us7000e62t,"3 km NW of Anthiró, Greece",Greece,"2021-05-25 12:32:55","2021-07-31 22:09:37",2021,5,25,Tuesday,4.3,strong,mb,10,shallow,21.4248,39.3716,earthquake,0,",us,",us,NULL,0,0,0,",origin,phase-data,",284,7000e62t,",us7000e62t,",45.59407818144721,1.211,0.46,49,reviewed
pr2021145002,"72 km NW of Rincón, Puerto Rico","Puerto Rico","2021-05-25 12:26:14","2021-05-25 13:02:30",2021,5,25,Tuesday,3.38,strong,md,35,shallow,-67.6916,18.847,earthquake,0,",pr,",pr,NULL,0,0,0,",origin,phase-data,",176,2021145002,",pr2021145002,",12,0.509,0.91,199,reviewed
ak0216o07id2,"29 km S of Elim, Alaska",Alaska,"2021-05-25 12:23:26","2021-07-31 22:09:36",2021,5,25,Tuesday,3.1,strong,ml,12.1,shallow,-162.2545,64.3509,earthquake,0,",ak,us,",ak,NULL,1,2.7,0,",dyfi,origin,phase-data,",148,0216o07id2,",ak0216o07id2,us7000e62r,",45.59407818144721,3.184254625848399,0.62,121.80208981074368,reviewed
us6000efk6,"5 km S of Gisenyi, Rwanda",Rwanda,"2021-05-25 12:16:27","2021-07-31 22:09:36",2021,5,25,Tuesday,4.4,strong,mb,10,shallow,29.2667,-1.756,earthquake,0,",us,",us,NULL,1,2.2,0,",dyfi,origin,phase-data,",298,6000efk6,",us6000efk6,",45.59407818144721,1.865,0.44,71,reviewed
us6000efk4,"132 km W of Naha, Japan",Japan,"2021-05-25 11:10:44","2021-07-31 22:09:36",2021,5,25,Tuesday,4.1,strong,mb,10,shallow,126.3681,26.3995,earthquake,0,",us,",us,NULL,0,0,0,",origin,phase-data,",259,6000efk4,",us6000efk4,",45.59407818144721,1.759,0.51,76,reviewed
us6000efki,"176 km SSE of Shimoda, Japan",Japan,"2021-05-25 10:51:42","2021-07-31 22:09:35",2021,5,25,Tuesday,4.6,strong,mb,10,shallow,139.4799,33.1474,earthquake,0,",us,",us,NULL,0,0,0,",origin,phase-data,",326,6000efki,",us6000efki,",45.59407818144721,0.256,0.56,90,reviewed
us7000e62d,"159 km SSE of Shimoda, Japan",Japan,"2021-05-25 10:46:54","2021-07-31 22:09:35",2021,5,25,Tuesday,3.9,strong,mwr,10,shallow,139.289,33.2686,earthquake,0,",us,",us,NULL,0,0,0,",moment-tensor,origin,phase-data,",234,7000e62d,",us7000e62d,",45.59407818144721,0.44,0.75,91,reviewed
us6000efkg,"16 km ESE of Gisenyi, Rwanda",Rwanda,"2021-05-25 10:40:45","2021-07-31 22:09:35",2021,5,25,Tuesday,4.3,strong,mb,10,shallow,29.3986,-1.7467,earthquake,0,",us,",us,NULL,0,0,0,",origin,phase-data,",284,6000efkg,",us6000efkg,",45.59407818144721,1.756,0.59,86,reviewed
us7000e625,"9 km SE of Gisenyi, Rwanda",Rwanda,"2021-05-25 09:41:17","2021-07-31 22:09:35",2021,5,25,Tuesday,4.4,strong,mb,10,shallow,29.3197,-1.7569,earthquake,0,",us,",us,NULL,3,3.3,0,",dyfi,origin,phase-data,",299,7000e625,",us7000e625,",45.59407818144721,1.824,0.49,86,reviewed
us7000e622,"19 km WSW of Musanze, Rwanda",Rwanda,"2021-05-25 09:03:00","2022-01-05 07:14:43",2021,5,25,Tuesday,4.7,strong,mb,10,shallow,29.4806,-1.5761,earthquake,0,",us,",us,NULL,18,7.9,0,",dyfi,impact-text,origin,phase-data,",354,7000e622,",us7000e622,",45.59407818144721,1.586,0.58,82,reviewed
us6000efl0,"15 km ESE of Gisenyi, Rwanda",Rwanda,"2021-05-25 08:19:56","2021-07-31 22:09:34",2021,5,25,Tuesday,4.5,strong,mb,10,shallow,29.3804,-1.7687,earthquake,0,",us,",us,NULL,0,0,0,",origin,phase-data,",312,6000efl0,",us6000efl0,",45.59407818144721,1.784,0.67,107,reviewed
us7000e61h,"233 km E of Levuka, Fiji",Fiji,"2021-05-25 07:41:47","2021-07-31 22:09:33",2021,5,25,Tuesday,4.2,strong,mb,589.71,deep,-178.4955,-17.8334,earthquake,0,",us,",us,NULL,0,0,0,",origin,phase-data,",271,7000e61h,",us7000e61h,",45.59407818144721,3.289,0.53,119,reviewed
us7000e61b,"south of the Fiji Islands","south of the Fiji Islands","2021-05-25 07:03:36","2021-07-31 22:09:33",2021,5,25,Tuesday,4.3,strong,mb,540.27,deep,-179.7131,-23.631,earthquake,0,",us,",us,NULL,0,0,0,",origin,phase-data,",284,7000e61b,",us7000e61b,",45.59407818144721,6.218,0.44,200,reviewed
us7000e616,"93 km ESE of Akutan, Alaska",Alaska,"2021-05-25 06:57:42","2021-07-31 22:09:33",2021,5,25,Tuesday,3.5,strong,mb,28.16,shallow,-164.5069,53.747,earthquake,0,",us,",us,NULL,0,0,0,",origin,phase-data,",188,7000e616,",us7000e616,",45.59407818144721,0.843,0.99,188,reviewed
us7000e60y,"36 km ESE of Paine, Chile",Chile,"2021-05-25 06:28:50","2021-07-31 22:09:32",2021,5,25,Tuesday,4.6,strong,mwr,104.17,deep,-70.3597,-33.8898,earthquake,0,",us,",us,NULL,10,3.1,0,",dyfi,origin,phase-data,",329,7000e60y,",us7000e60y,",45.59407818144721,0.158,0.76,40,reviewed
us7000e60l,"66 km NW of Yonakuni, Japan",Japan,"2021-05-25 05:37:49","2021-07-31 22:09:32",2021,5,25,Tuesday,4.5,strong,mb,10,shallow,122.5586,24.9053,earthquake,0,",us,",us,NULL,0,0,0,",origin,phase-data,",312,7000e60l,",us7000e60l,",45.59407818144721,0.599,1.06,68,reviewed
us6000efjm,"67 km ESE of Jiufen, Taiwan",Taiwan,"2021-05-25 05:35:39","2021-07-31 22:09:32",2021,5,25,Tuesday,4.1,strong,mb,10,shallow,122.4698,24.8987,earthquake,0,",us,",us,NULL,0,0,0,",origin,phase-data,",259,6000efjm,",us6000efjm,",45.59407818144721,0.653,0.98,108,reviewed
us6000efjk,"65 km ESE of Jiufen, Taiwan",Taiwan,"2021-05-25 04:51:31","2021-07-31 22:09:31",2021,5,25,Tuesday,4.1,strong,mb,10,shallow,122.4177,24.8284,earthquake,0,",us,",us,NULL,0,0,0,",origin,phase-data,",259,6000efjk,",us6000efjk,",45.59407818144721,0.648,0.94,139,reviewed
us6000efk2,"Southern Qinghai, China",China,"2021-05-25 04:46:26","2021-07-31 22:09:31",2021,5,25,Tuesday,4.3,strong,mb,10,shallow,97.6507,34.7832,earthquake,0,",us,",us,NULL,0,0,0,",origin,phase-data,",284,6000efk2,",us6000efk2,",45.59407818144721,5.076,0.45,159,reviewed
us7000e608,"68 km NW of Yonakuni, Japan",Japan,"2021-05-25 04:28:50","2021-07-31 22:09:31",2021,5,25,Tuesday,4.6,strong,mb,4.01,shallow,122.5073,24.8917,earthquake,0,",us,",us,NULL,0,0,0,",origin,phase-data,",326,7000e608,",us7000e608,",45.59407818144721,0.623,0.61,64,reviewed
us6000efji,"60 km WNW of Yonakuni, Japan",Japan,"2021-05-25 04:24:47","2021-07-31 22:09:31",2021,5,25,Tuesday,4,strong,mb,10,shallow,122.4952,24.7547,earthquake,0,",us,",us,NULL,0,0,0,",origin,phase-data,",246,6000efji,",us6000efji,",45.59407818144721,0.55,0.82,98,reviewed
us7000e602,"58 km NNE of Matina, Costa Rica","Costa Rica","2021-05-25 04:03:04","2021-07-31 22:09:30",2021,5,25,Tuesday,4.5,strong,mb,18.63,shallow,-83.0264,10.5432,earthquake,0,",us,",us,NULL,0,0,0,",origin,phase-data,",312,7000e602,",us7000e602,",45.59407818144721,0.644,0.74,43,reviewed
us7000e600,"Kermadec Islands, New Zealand","New Zealand","2021-05-25 03:46:46","2021-07-31 22:09:30",2021,5,25,Tuesday,4.9,strong,mb,105.37,deep,-178.5173,-30.3848,earthquake,0,",us,",us,NULL,0,0,0,",origin,phase-data,",369,7000e600,",us7000e600,",45.59407818144721,7.628,0.75,49,reviewed
ak0216nuelb1,"15 km NW of Nanwalek, Alaska",Alaska,"2021-05-25 02:48:54","2022-08-09 05:14:27",2021,5,25,Tuesday,3.3,strong,ml,64.2,shallow,-152.1046,59.4585,earthquake,0,",us,ak,",ak,NULL,3,2.2,0,",dyfi,origin,phase-data,",168,0216nuelb1,",us7000e5zh,ak0216nuelb1,",45.59407818144721,3.184254625848399,0.56,121.80208981074368,reviewed
us6000efjh,"67 km ESE of Jiufen, Taiwan",Taiwan,"2021-05-25 02:39:06","2021-07-31 22:09:29",2021,5,25,Tuesday,4.7,strong,mb,10,shallow,122.4543,24.8683,earthquake,0,",us,",us,NULL,0,0,0,",origin,phase-data,",340,6000efjh,",us6000efjh,",45.59407818144721,0.645,0.91,82,reviewed
us7000e5zd,"202 km WSW of Quellón, Chile",Chile,"2021-05-25 02:31:18","2021-07-31 22:09:29",2021,5,25,Tuesday,4.6,strong,mwr,10,shallow,-76.0596,-43.5063,earthquake,0,",us,",us,NULL,3,2.7,0,",dyfi,moment-tensor,origin,phase-data,",326,7000e5zd,",us7000e5zd,",45.59407818144721,2.84,0.72,135,reviewed
us6000efjg,"90 km ESE of Lata, Solomon Islands","Solomon Islands","2021-05-25 02:28:20","2021-07-31 22:09:28",2021,5,25,Tuesday,4.3,strong,mb,183.04,deep,166.5327,-11.0963,earthquake,0,",us,",us,NULL,0,0,0,",origin,phase-data,",284,6000efjg,",us6000efjg,",45.59407818144721,4.373,0.79,122,reviewed
us6000efjr,"Taiwan region","Taiwan region","2021-05-25 02:15:27","2021-07-31 22:09:28",2021,5,25,Tuesday,4.4,strong,mwr,10,shallow,122.5883,24.817,earthquake,0,",us,",us,NULL,0,0,0,",moment-tensor,origin,phase-data,",298,6000efjr,",us6000efjr,",45.59407818144721,0.519,0.39,65,reviewed
us7000e5z9,"63 km NW of Yonakuni, Japan",Japan,"2021-05-25 02:08:44","2021-07-31 22:09:28",2021,5,25,Tuesday,4.5,strong,mb,9.74,shallow,122.5747,24.8905,earthquake,0,",us,",us,NULL,0,0,0,",origin,phase-data,",312,7000e5z9,",us7000e5z9,",45.59407818144721,0.579,0.56,69,reviewed
us6000efjf,"Fiji region","Fiji region","2021-05-25 02:06:36","2021-07-31 22:09:28",2021,5,25,Tuesday,4.2,strong,mb,549.66,deep,-178.3424,-20.881,earthquake,0,",us,",us,NULL,0,0,0,",origin,phase-data,",271,6000efjf,",us6000efjf,",45.59407818144721,4.617,0.76,137,reviewed
us7000e5z2,"85 km NE of Tobelo, Indonesia",Indonesia,"2021-05-25 01:09:09","2021-07-31 22:09:27",2021,5,25,Tuesday,4.5,strong,mb,234.64,deep,128.4655,2.3518,earthquake,0,",us,",us,NULL,0,0,0,",origin,phase-data,",312,7000e5z2,",us7000e5z2,",45.59407818144721,1.915,0.64,79,reviewed
us7000e5yw,"68 km NW of Yonakuni, Japan",Japan,"2021-05-25 00:36:52","2021-07-31 22:09:27",2021,5,25,Tuesday,4.3,strong,mb,12.3,shallow,122.4707,24.8454,earthquake,0,",us,",us,NULL,0,0,0,",origin,phase-data,",284,7000e5yw,",us7000e5yw,",45.59407818144721,0.619,1.01,46,reviewed
us7000e5yq,"Kermadec Islands region","Kermadec Islands region","2021-05-24 23:46:37","2021-07-31 22:09:26",2021,5,24,Monday,4.9,strong,mb,10,shallow,-177.487,-31.0827,earthquake,0,",us,",us,NULL,0,0,0,",origin,phase-data,",369,7000e5yq,",us7000e5yq,",45.59407818144721,7.339,0.81,128,reviewed
us7000e5yi,"Southern Qinghai, China",China,"2021-05-24 23:00:22","2021-07-31 22:09:25",2021,5,24,Monday,4.6,strong,mb,10,shallow,97.9925,34.7361,earthquake,0,",us,",us,NULL,0,0,0,",origin,phase-data,",326,7000e5yi,",us7000e5yi,",45.59407818144721,4.817,0.77,44,reviewed
us6000efit,"46 km SE of San Cristóbal, Venezuela",Venezuela,"2021-05-24 22:52:12","2021-07-31 22:09:24",2021,5,24,Monday,4.4,strong,mb,10,shallow,-71.9647,7.4309,earthquake,0,",us,",us,NULL,0,0,0,",origin,phase-data,",298,6000efit,",us6000efit,",45.59407818144721,1.889,0.74,75,reviewed
us6000efiq,"Fiji region","Fiji region","2021-05-24 22:09:14","2021-07-31 22:09:24",2021,5,24,Monday,4.2,strong,mb,565.83,deep,-178.5658,-21.313,earthquake,0,",us,",us,NULL,0,0,0,",origin,phase-data,",271,6000efiq,",us6000efiq,",45.59407818144721,4.771,0.47,167,reviewed
us7000e5y1,"Russia-Georgia border region","Russia-Georgia border region","2021-05-24 21:43:41","2021-09-06 08:57:49",2021,5,24,Monday,4.4,strong,mb,10,shallow,45.1414,42.7588,earthquake,0,",us,",us,NULL,8,3.6,0,",dyfi,origin,phase-data,",301,7000e5y1,",us7000e5y1,",45.59407818144721,1.904,0.98,60,reviewed
us7000e5xz,"25 km SW of Pelabuhanratu, Indonesia",Indonesia,"2021-05-24 21:36:30","2021-07-31 22:09:23",2021,5,24,Monday,4.4,strong,mb,84.57,deep,106.4001,-7.1576,earthquake,0,",us,",us,NULL,0,0,0,",origin,phase-data,",298,7000e5xz,",us7000e5xz,",45.59407818144721,1.276,0.97,129,reviewed
us6000efix,"160 km NNW of Turbat, Pakistan",Pakistan,"2021-05-24 21:15:19","2021-07-31 22:09:23",2021,5,24,Monday,4.3,strong,mb,10,shallow,62.7334,27.4192,earthquake,0,",us,",us,NULL,0,0,0,",origin,phase-data,",284,6000efix,",us6000efix,",45.59407818144721,6.361,0.71,133,reviewed
us6000efiw,"66 km ESE of Jiufen, Taiwan",Taiwan,"2021-05-24 20:56:21","2021-07-31 22:09:23",2021,5,24,Monday,4.6,strong,mb,10,shallow,122.4472,24.8671,earthquake,0,",us,",us,NULL,0,0,0,",origin,phase-data,",326,6000efiw,",us6000efiw,",45.59407818144721,0.649,0.88,82,reviewed
us7000e5xh,"73 km ENE of Norsup, Vanuatu",Vanuatu,"2021-05-24 20:26:04","2021-07-31 22:09:23",2021,5,24,Monday,4.6,strong,mb,135.6,deep,167.9905,-15.7319,earthquake,0,",us,",us,NULL,0,0,0,",origin,phase-data,",326,7000e5xh,",us7000e5xh,",45.59407818144721,0.809,0.73,154,reviewed
us6000efip,"67 km NW of Yonakuni, Japan",Japan,"2021-05-24 20:05:11","2021-07-31 22:09:22",2021,5,24,Monday,4.2,strong,mb,10,shallow,122.5363,24.9057,earthquake,0,",us,",us,NULL,0,0,0,",origin,phase-data,",271,6000efip,",us6000efip,",45.59407818144721,0.614,0.78,112,reviewed
us7000e5ws,"8 km S of Malbang, Philippines",Philippines,"2021-05-24 19:46:06","2021-07-31 22:09:22",2021,5,24,Monday,4.8,strong,mb,67.61,shallow,125.0384,5.7767,earthquake,0,",us,",us,NULL,0,0,0,",origin,phase-data,",354,7000e5ws,",us7000e5ws,",45.59407818144721,1.392,1.02,73,reviewed
us6000efin,"Kermadec Islands region","Kermadec Islands region","2021-05-24 18:51:10","2021-07-31 22:09:22",2021,5,24,Monday,4.2,strong,mb,264.43,deep,-179.5126,-31.3982,earthquake,0,",us,",us,NULL,0,0,0,",origin,phase-data,",271,6000efin,",us6000efin,",45.59407818144721,6.407,1.09,189,reviewed
us6000efiu,"northern Mid-Atlantic Ridge","northern Mid-Atlantic Ridge","2021-05-24 17:56:29","2021-07-31 22:09:21",2021,5,24,Monday,4.6,strong,mb,10,shallow,-28.9294,49.8927,earthquake,0,",us,",us,NULL,0,0,0,",origin,phase-data,",326,6000efiu,",us6000efiu,",45.59407818144721,16.519,0.83,87,reviewed
us6000efik,"137 km N of Tobelo, Indonesia",Indonesia,"2021-05-24 17:21:08","2021-07-31 22:09:21",2021,5,24,Monday,4.1,strong,mb,109.08,deep,128.0613,2.9703,earthquake,0,",us,",us,NULL,0,0,0,",origin,phase-data,",259,6000efik,",us6000efik,",45.59407818144721,2.291,0.49,111,reviewed
us6000efif,"southeast of the Loyalty Islands","southeast of the Loyalty Islands","2021-05-24 16:30:43","2021-07-31 22:09:20",2021,5,24,Monday,4.5,strong,mb,10,shallow,172.0563,-21.1756,earthquake,0,",us,",us,NULL,0,0,0,",origin,phase-data,",312,6000efif,",us6000efif,",45.59407818144721,4.513,0.69,154,reviewed
us6000efig,"73 km ENE of Namie, Japan",Japan,"2021-05-24 16:19:20","2021-07-31 22:09:20",2021,5,24,Monday,4.4,strong,mb,51.7,shallow,141.8087,37.6493,earthquake,0,",us,",us,NULL,0,0,0,",origin,phase-data,",298,6000efig,",us6000efig,",45.59407818144721,3.083,0.65,104,reviewed
us7000e5td,"205 km SSE of Tondano, Indonesia",Indonesia,"2021-05-24 16:16:58","2021-07-31 22:09:20",2021,5,24,Monday,4.6,strong,mb,51.36,shallow,125.8167,-0.3132,earthquake,0,",us,",us,NULL,0,0,0,",origin,phase-data,",326,7000e5td,",us7000e5td,",45.59407818144721,1.887,0.67,68,reviewed
us7000e5ta,"Davis Strait","Davis Strait","2021-05-24 16:12:10","2021-07-31 22:09:19",2021,5,24,Monday,4.2,strong,mb,10,shallow,-58.5889,60.6947,earthquake,0,",us,",us,NULL,0,0,0,",origin,phase-data,",271,7000e5ta,",us7000e5ta,",45.59407818144721,5.104,0.67,96,reviewed
us7000e5t6,"off the coast of Oregon","off the coast of Oregon","2021-05-24 16:09:33","2021-07-31 22:09:19",2021,5,24,Monday,3.3,strong,ml,10,shallow,-129.7574,43.8461,earthquake,0,",us,",us,NULL,0,0,0,",origin,phase-data,",168,7000e5t6,",us7000e5t6,",45.59407818144721,1.974,0.67,227,reviewed
us6000efie,"95 km SSW of Panguna, Papua New Guinea","Papua New Guinea","2021-05-24 15:44:06","2021-07-31 22:09:19",2021,5,24,Monday,4.6,strong,mb,10,shallow,155.0967,-7.085,earthquake,0,",us,",us,NULL,0,0,0,",origin,phase-data,",326,6000efie,",us6000efie,",45.59407818144721,4.096,0.32,89,reviewed
us6000efid,"75 km WNW of Gorontalo, Indonesia",Indonesia,"2021-05-24 15:27:47","2021-07-31 22:09:19",2021,5,24,Monday,4.3,strong,mb,55.46,shallow,122.4479,0.8349,earthquake,0,",us,",us,NULL,0,0,0,",origin,phase-data,",284,6000efid,",us6000efid,",45.59407818144721,1.688,0.47,110,reviewed
us7000e5sl,"90 km WNW of Meulaboh, Indonesia",Indonesia,"2021-05-24 15:05:23","2021-07-31 22:09:18",2021,5,24,Monday,4.8,strong,mb,57.33,shallow,95.3504,4.381,earthquake,0,",us,",us,NULL,0,0,0,",origin,phase-data,",354,7000e5sl,",us7000e5sl,",45.59407818144721,1.8,0.81,54,reviewed
tx2021kcks,"37 km E of Balmorhea, Texas",Texas,"2021-05-24 15:02:16","2021-07-31 22:09:18",2021,5,24,Monday,3.3,strong,ml,4.691918945,shallow,-103.3556435,30.94885959,earthquake,0,",tx,us,",tx,NULL,2,2,0,",dyfi,origin,phase-data,",168,2021kcks,",tx2021kcks,us7000e5se,",38,0.03942261958,0.3,61,reviewed
us7000e5sc,"82 km SW of Itoman, Japan",Japan,"2021-05-24 14:41:02","2021-07-31 22:09:17",2021,5,24,Monday,4.8,strong,mb,25.38,shallow,127.035,25.6498,earthquake,0,",us,",us,NULL,3,4.1,0,",dyfi,origin,phase-data,",356,7000e5sc,",us7000e5sc,",45.59407818144721,1.621,0.51,79,reviewed
us6000efic,"Mid-Indian Ridge","Mid-Indian Ridge","2021-05-24 14:37:31","2021-07-31 22:09:17",2021,5,24,Monday,4.5,strong,mb,10,shallow,77.722,-39.916,earthquake,0,",us,",us,NULL,0,0,0,",origin,phase-data,",312,6000efic,",us6000efic,",45.59407818144721,19.903,1.31,123,reviewed
us6000efij,"51 km ESE of Takahagi, Japan",Japan,"2021-05-24 14:16:41","2021-07-31 22:09:17",2021,5,24,Monday,4.5,strong,mb,47.54,shallow,141.2031,36.4667,earthquake,0,",us,",us,NULL,0,0,0,",origin,phase-data,",312,6000efij,",us6000efij,",45.59407818144721,2.413,0.67,159,reviewed
us7000e5s5,"Southern Qinghai, China",China,"2021-05-24 14:15:21","2021-07-31 22:09:17",2021,5,24,Monday,4.7,strong,mb,10,shallow,98.8106,34.5444,earthquake,0,",us,",us,NULL,0,0,0,",origin,phase-data,",340,7000e5s5,",us7000e5s5,",45.59407818144721,4.238,0.63,58,reviewed
us7000e5s2,"101 km S of Adak, Alaska",Alaska,"2021-05-24 14:13:28","2021-07-31 22:09:16",2021,5,24,Monday,4.1,strong,mb,10,shallow,-176.5621,50.9617,earthquake,0,",ak,us,",us,NULL,0,0,0,",origin,phase-data,",259,7000e5s2,",ak0216mdswhi,us7000e5s2,",45.59407818144721,0.905,0.63,200,reviewed
us6000efih,"297 km E of Levuka, Fiji",Fiji,"2021-05-24 13:29:48","2021-07-31 22:09:16",2021,5,24,Monday,4.3,strong,mb,561.96,deep,-177.8833,-17.8949,earthquake,0,",us,",us,NULL,0,0,0,",origin,phase-data,",284,6000efih,",us6000efih,",45.59407818144721,3.874,0.25,123,reviewed
us6000efii,"196 km NW of Sola, Vanuatu",Vanuatu,"2021-05-24 13:26:13","2021-07-31 22:09:16",2021,5,24,Monday,4.7,strong,mb,54.54,shallow,166.4261,-12.4839,earthquake,0,",us,",us,NULL,0,0,0,",origin,phase-data,",340,6000efii,",us6000efii,",45.59407818144721,3.04,0.68,77,reviewed
us6000efia,"78 km SW of Port-Vila, Vanuatu",Vanuatu,"2021-05-24 12:54:47","2021-07-31 22:09:15",2021,5,24,Monday,4.6,strong,mb,10,shallow,167.773,-18.2274,earthquake,0,",us,",us,NULL,0,0,0,",origin,phase-data,",326,6000efia,",us6000efia,",45.59407818144721,2.818,0.58,91,reviewed
us6000efi9,"245 km NE of Opotiki, New Zealand","New Zealand","2021-05-24 12:53:51","2021-07-31 22:09:15",2021,5,24,Monday,4.4,strong,mb,10,shallow,179.4458,-36.63,earthquake,0,",us,",us,NULL,0,0,0,",origin,phase-data,",298,6000efi9,",us6000efi9,",45.59407818144721,1.302,1.16,228,reviewed
us6000efi8,"56 km SW of Bengkulu, Indonesia",Indonesia,"2021-05-24 12:48:37","2021-07-31 22:09:15",2021,5,24,Monday,4.3,strong,mb,53.13,shallow,101.9758,-4.2185,earthquake,0,",us,",us,NULL,0,0,0,",origin,phase-data,",284,6000efi8,",us6000efi8,",45.59407818144721,0.987,0.47,190,reviewed
us7000e5rd,"south of the Fiji Islands","south of the Fiji Islands","2021-05-24 12:06:00","2021-07-31 22:09:14",2021,5,24,Monday,4.5,strong,mb,617.55,deep,178.2573,-26.6487,earthquake,0,",us,",us,NULL,0,0,0,",origin,phase-data,",312,7000e5rd,",us7000e5rd,",45.59407818144721,8.863,0.82,124,reviewed
us7000e5r9,"100 km SSE of Kuril’sk, Russia",Russia,"2021-05-24 11:42:41","2021-07-31 22:09:14",2021,5,24,Monday,4.3,strong,mb,71.01,deep,148.127,44.3416,earthquake,0,",us,",us,NULL,0,0,0,",origin,phase-data,",284,7000e5r9,",us7000e5r9,",45.59407818144721,3.983,0.75,188,reviewed
us6000efi0,"Fiji region","Fiji region","2021-05-24 09:01:49","2021-07-31 22:09:13",2021,5,24,Monday,4.4,strong,mb,552.84,deep,-178.0804,-20.3939,earthquake,0,",us,",us,NULL,0,0,0,",origin,phase-data,",298,6000efi0,",us6000efi0,",45.59407818144721,4.507,0.69,129,reviewed
us6000efhz,"9 km N of Goma, Democratic Republic of the Congo","Democratic Republic of the Congo","2021-05-24 08:37:25","2021-07-31 22:09:13",2021,5,24,Monday,4.7,strong,mb,10,shallow,29.2293,-1.5912,earthquake,0,",us,",us,NULL,0,0,0,",origin,phase-data,",340,6000efhz,",us6000efhz,",45.59407818144721,1.8,0.94,72,reviewed
us6000efib,"Southern Qinghai, China",China,"2021-05-24 08:31:30","2021-07-31 22:09:13",2021,5,24,Monday,4.4,strong,mb,10,shallow,97.4879,34.823,earthquake,0,",us,",us,NULL,0,0,0,",origin,phase-data,",298,6000efib,",us6000efib,",45.59407818144721,7.419,0.62,38,reviewed
us7000e5q7,"65 km NNW of Khorixas, Namibia",Namibia,"2021-05-24 08:27:42","2025-12-22 19:01:02",2021,5,24,Monday,4.9,strong,mb,10,shallow,14.7593,-19.806,earthquake,0,",us,iscgem,",us,NULL,1,2,0,",dyfi,origin,phase-data,",370,7000e5q7,",us7000e5q7,iscgem620438390,",45.59407818144721,2.727,0.33,42,reviewed
us6000efhw,"Southern Qinghai, China",China,"2021-05-24 07:06:16","2021-07-31 22:09:11",2021,5,24,Monday,4.2,strong,mb,10,shallow,98.3038,34.4747,earthquake,0,",us,",us,NULL,0,0,0,",origin,phase-data,",271,6000efhw,",us6000efhw,",45.59407818144721,4.654,0.81,44,reviewed
us6000efhv,"174 km SE of Adak, Alaska",Alaska,"2021-05-24 06:54:04","2021-07-31 22:09:11",2021,5,24,Monday,3.7,strong,mb,10,shallow,-175.0334,50.6687,earthquake,0,",us,",us,NULL,0,0,0,",origin,phase-data,",211,6000efhv,",us6000efhv,",45.59407818144721,1.565,0.42,205,reviewed
us6000efi4,"Bonin Islands, Japan region","Japan region","2021-05-24 06:28:59","2021-07-31 22:09:11",2021,5,24,Monday,4.5,strong,mb,10,shallow,142.8358,28.8383,earthquake,0,",us,",us,NULL,0,0,0,",origin,phase-data,",312,6000efi4,",us6000efi4,",45.59407818144721,1.829,0.78,162,reviewed
us6000efhu,"northern Mid-Atlantic Ridge","northern Mid-Atlantic Ridge","2021-05-24 06:24:05","2021-07-31 22:09:10",2021,5,24,Monday,4.6,strong,mb,10,shallow,-43.7852,28.2178,earthquake,0,",us,",us,NULL,0,0,0,",origin,phase-data,",326,6000efhu,",us6000efhu,",45.59407818144721,22.883,0.53,80,reviewed
us6000efht,"northern Mid-Atlantic Ridge","northern Mid-Atlantic Ridge","2021-05-24 06:18:55","2021-07-31 22:09:10",2021,5,24,Monday,4.4,strong,mb,10,shallow,-44.0739,28.2781,earthquake,0,",us,",us,NULL,0,0,0,",origin,phase-data,",298,6000efht,",us6000efht,",45.59407818144721,50.054,0.26,148,reviewed
us6000efhs,"127 km NNE of Hihifo, Tonga",Tonga,"2021-05-24 05:34:38","2021-07-31 22:09:10",2021,5,24,Monday,4.3,strong,mb,10,shallow,-173.5018,-14.8378,earthquake,0,",us,",us,NULL,0,0,0,",origin,phase-data,",284,6000efhs,",us6000efhs,",45.59407818144721,1.905,0.65,119,reviewed
us6000efhr,"170 km SSE of Shimoda, Japan",Japan,"2021-05-24 05:15:57","2021-07-31 22:09:09",2021,5,24,Monday,4.1,strong,mwr,10,shallow,139.3567,33.1776,earthquake,0,",us,",us,NULL,0,0,0,",moment-tensor,origin,phase-data,",259,6000efhr,",us6000efhr,",45.59407818144721,0.362,0.77,79,reviewed
us7000e5p1,"103 km N of Tocopilla, Chile",Chile,"2021-05-24 04:50:57","2021-07-31 22:09:09",2021,5,24,Monday,4.2,strong,mb,45.58,shallow,-70.0201,-21.17,earthquake,0,",us,",us,NULL,2,2,0,",dyfi,origin,phase-data,",272,7000e5p1,",us7000e5p1,",45.59407818144721,0.188,1.04,137,reviewed
us7000e5nz,"72 km ESE of Kyzyl-Eshme, Kyrgyzstan",Kyrgyzstan,"2021-05-24 04:40:52","2021-07-31 22:09:09",2021,5,24,Monday,4.5,strong,mb,10,shallow,72.9847,39.2272,earthquake,0,",us,",us,NULL,0,0,0,",origin,phase-data,",312,7000e5nz,",us7000e5nz,",45.59407818144721,0.949,0.97,157,reviewed
us6000efhn,"56 km W of Bojn?rd, Iran",Iran,"2021-05-24 04:02:58","2021-07-31 22:09:08",2021,5,24,Monday,4.2,strong,mb,10,shallow,56.6933,37.4778,earthquake,0,",us,",us,NULL,0,0,0,",origin,phase-data,",271,6000efhn,",us6000efhn,",45.59407818144721,5.457,0.7,161,reviewed
us6000efi1,"178 km SSE of Shimoda, Japan",Japan,"2021-05-24 03:59:57","2021-07-31 22:09:08",2021,5,24,Monday,4.4,strong,mb,10,shallow,139.371,33.1086,earthquake,0,",us,",us,NULL,0,0,0,",origin,phase-data,",298,6000efi1,",us6000efi1,",45.59407818144721,0.346,0.72,190,reviewed
us7000e5nn,"165 km SSE of Shimoda, Japan",Japan,"2021-05-24 03:52:17","2021-07-31 22:09:07",2021,5,24,Monday,4.7,strong,mb,10,shallow,139.3771,33.2268,earthquake,0,",us,",us,NULL,1,1,0,",dyfi,origin,phase-data,",340,7000e5nn,",us7000e5nn,",45.59407818144721,0.357,0.66,60,reviewed
us6000efhl,"232 km E of Port Blair, India",India,"2021-05-24 03:49:10","2021-07-31 22:09:07",2021,5,24,Monday,4.5,strong,mb,10,shallow,94.876,11.7799,earthquake,0,",us,",us,NULL,0,0,0,",origin,phase-data,",312,6000efhl,",us6000efhl,",45.59407818144721,2.091,0.73,104,reviewed
us6000efhj,"154 km SW of Nikolski, Alaska",Alaska,"2021-05-24 01:10:39","2021-07-31 22:09:05",2021,5,24,Monday,3.8,strong,mb,35,shallow,-170.5071,51.9869,earthquake,0,",us,",us,NULL,0,0,0,",origin,phase-data,",222,6000efhj,",us6000efhj,",45.59407818144721,0.934,0.54,268,reviewed
us7000e5mt,"northern Mid-Atlantic Ridge","northern Mid-Atlantic Ridge","2021-05-24 01:01:27","2021-07-31 22:09:05",2021,5,24,Monday,5,strong,mb,10,shallow,-43.8757,28.2083,earthquake,0,",us,",us,NULL,0,0,0,",origin,phase-data,",385,7000e5mt,",us7000e5mt,",45.59407818144721,20.984,0.78,38,reviewed
us7000e5mb,"7 km ESE of Christchurch, New Zealand","New Zealand","2021-05-23 23:49:04","2021-07-31 22:09:05",2021,5,23,Sunday,3,strong,ml,10,shallow,172.7111,-43.5624,earthquake,0,",us,",us,NULL,29,3.6,0,",dyfi,origin,phase-data,",149,7000e5mb,",us7000e5mb,",45.59407818144721,0.149,0.99,159,reviewed
us6000efgs,"Kermadec Islands region","Kermadec Islands region","2021-05-23 23:08:10","2021-07-31 22:09:04",2021,5,23,Sunday,4.6,strong,mb,66.21,shallow,-177.3245,-28.5102,earthquake,0,",us,",us,NULL,0,0,0,",origin,phase-data,",326,6000efgs,",us6000efgs,",45.59407818144721,27.694,0.52,107,reviewed
us7000e5m1,"17 km ENE of Gisenyi, Rwanda",Rwanda,"2021-05-23 22:52:56","2021-07-31 22:09:04",2021,5,23,Sunday,4.3,strong,mb,10,shallow,29.4069,-1.6468,earthquake,0,",us,",us,NULL,0,0,0,",origin,phase-data,",284,7000e5m1,",us7000e5m1,",45.59407818144721,1.687,0.54,85,reviewed
us7000e5lz,"63 km SW of Masachapa, Nicaragua",Nicaragua,"2021-05-23 22:37:53","2025-12-22 19:06:37",2021,5,23,Sunday,5.1,strong,mb,34.75,shallow,-86.94,11.3928,earthquake,0,",us,iscgem,",us,NULL,8,3.1,0,",dyfi,origin,phase-data,",403,7000e5lz,",us7000e5lz,iscgem625362486,",45.59407818144721,1.011,0.7,76,reviewed
us6000efgm,Tonga,Tonga,"2021-05-23 22:30:41","2021-07-31 22:09:04",2021,5,23,Sunday,4.4,strong,mb,10,shallow,-173.494,-20.7615,earthquake,0,",us,",us,NULL,0,0,0,",origin,phase-data,",298,6000efgm,",us6000efgm,",45.59407818144721,7.008,0.61,86,reviewed
us7000e5lv,"Norwegian Sea","Norwegian Sea","2021-05-23 22:14:55","2021-07-31 22:09:03",2021,5,23,Sunday,4.6,strong,mb,10,shallow,3.565,72.5824,earthquake,0,",us,",us,NULL,0,0,0,",origin,phase-data,",326,7000e5lv,",us7000e5lv,",45.59407818144721,6.466,0.49,88,reviewed
us6000efgl,"54 km NE of Kainantu, Papua New Guinea","Papua New Guinea","2021-05-23 21:59:52","2021-07-31 22:09:03",2021,5,23,Sunday,4.2,strong,mb,48.82,shallow,146.2399,-5.9742,earthquake,0,",us,",us,NULL,0,0,0,",origin,phase-data,",271,6000efgl,",us6000efgl,",45.59407818144721,6.502,0.53,144,reviewed
us7000e5lp,"26 km S of Quilpué, Chile",Chile,"2021-05-23 21:58:59","2022-01-07 01:38:34",2021,5,23,Sunday,4.6,strong,mwr,52.77,shallow,-71.3906,-33.279,earthquake,0,",us,",us,NULL,12,4.8,0,",dyfi,origin,phase-data,",331,7000e5lp,",us7000e5lp,",45.59407818144721,0.212,0.36,58,reviewed
us6000efgk,"Rat Islands, Aleutian Islands, Alaska",Alaska,"2021-05-23 21:56:37","2021-07-31 22:09:02",2021,5,23,Sunday,3.8,strong,mb,119.1,deep,178.1629,52.1451,earthquake,0,",us,",us,NULL,0,0,0,",origin,phase-data,",222,6000efgk,",us6000efgk,",45.59407818144721,1.902,0.6,186,reviewed
hv72483217,"15 km S of Volcano, Hawaii",Hawaii,"2021-05-23 21:40:45","2021-12-08 02:49:13",2021,5,23,Sunday,4.2,strong,ml,7.51,shallow,-155.215166666667,19.3075,earthquake,0,",hv,us,",hv,green,230,3.8,4.811,",dyfi,losspager,origin,phase-data,shakemap,",359,72483217,",hv72483217,us7000e5ll,",58,3.184254625848399,0.1,95,reviewed
us6000efgu,"130 km WNW of Ternate, Indonesia",Indonesia,"2021-05-23 21:30:45","2021-07-31 22:09:02",2021,5,23,Sunday,4.5,strong,mb,49.73,shallow,126.3917,1.4183,earthquake,0,",us,",us,NULL,0,0,0,",origin,phase-data,",312,6000efgu,",us6000efgu,",45.59407818144721,1.167,0.34,71,reviewed
us7000e5la,"84 km W of Campo Pesquero el Colorado, Mexico",Mexico,"2021-05-23 21:11:11","2021-07-31 22:09:02",2021,5,23,Sunday,4.6,strong,mb,10,shallow,-110.1543,25.6855,earthquake,0,",us,",us,NULL,1,2,0,",dyfi,origin,phase-data,",326,7000e5la,",us7000e5la,",45.59407818144721,1.009,0.72,126,reviewed
us6000efgt,"50 km NNE of Isangel, Vanuatu",Vanuatu,"2021-05-23 21:10:46","2021-07-31 22:09:01",2021,5,23,Sunday,4.4,strong,mb,252.32,deep,169.5189,-19.1428,earthquake,0,",us,",us,NULL,0,0,0,",origin,phase-data,",298,6000efgt,",us6000efgt,",45.59407818144721,4.259,0.26,98,reviewed
us7000e5me,"144 km W of Adak, Alaska",Alaska,"2021-05-23 21:06:42","2021-07-31 22:09:01",2021,5,23,Sunday,3.1,strong,ml,81.04,deep,-178.7003,51.652,earthquake,0,",ak,us,",us,NULL,0,0,0,",origin,phase-data,",148,7000e5me,",ak0216kue4he,us7000e5me,",45.59407818144721,0.121,0.29,133,reviewed
us7000e5l6,"2 km NNE of Goma, Democratic Republic of the Congo","Democratic Republic of the Congo","2021-05-23 20:38:57","2021-07-31 22:09:01",2021,5,23,Sunday,4.5,strong,mb,10,shallow,29.2368,-1.6519,earthquake,0,",us,",us,NULL,6,4.3,0,",dyfi,origin,phase-data,",314,7000e5l6,",us7000e5l6,",45.59407818144721,1.827,1.14,56,reviewed
hv72483077,"15 km S of Volcano, Hawaii",Hawaii,"2021-05-23 19:38:24","2021-07-31 22:09:00",2021,5,23,Sunday,3.41,strong,ml,7.8,shallow,-155.215,19.3055,earthquake,0,",us,hv,",hv,NULL,4,2.5,3.922,",dyfi,origin,phase-data,shakemap,",180,72483077,",us7000e5l0,hv72483077,",61,3.184254625848399,0.09,98,reviewed
us7000e5kx,"3 km SSE of Fujishiro, Japan",Japan,"2021-05-23 19:09:17","2021-11-07 05:43:54",2021,5,23,Sunday,4.6,strong,mb,67.82,shallow,140.1358,35.8904,earthquake,0,",us,",us,NULL,30,3.8,0,",dyfi,origin,phase-data,",337,7000e5kx,",us7000e5kx,",45.59407818144721,1.688,0.99,120,reviewed
us7000e5kt,"45 km NW of Josh?math, India",India,"2021-05-23 19:01:40","2021-07-31 22:08:59",2021,5,23,Sunday,4.5,strong,mb,10,shallow,79.2707,30.8764,earthquake,0,",us,",us,NULL,4,4.2,0,",dyfi,origin,phase-data,",313,7000e5kt,",us7000e5kt,",45.59407818144721,5.787,0.57,81,reviewed
us6000efgi,"45 km WSW of Sarangani, Philippines",Philippines,"2021-05-23 19:00:52","2021-07-31 22:08:59",2021,5,23,Sunday,4.2,strong,mb,248.25,deep,125.1044,5.2022,earthquake,0,",us,",us,NULL,0,0,0,",origin,phase-data,",271,6000efgi,",us6000efgi,",45.59407818144721,1.914,1.35,129,reviewed
us7000e5kr,"85 km WNW of San Antonio de los Cobres, Argentina",Argentina,"2021-05-23 18:37:08","2021-07-31 22:08:59",2021,5,23,Sunday,4.6,strong,mwr,164.34,deep,-67.0905,-23.9227,earthquake,0,",us,",us,NULL,1,1,0,",dyfi,origin,phase-data,",326,7000e5kr,",us7000e5kr,",45.59407818144721,1.39,1.35,53,reviewed
hv72482987,"15 km S of Volcano, Hawaii",Hawaii,"2021-05-23 18:36:57","2021-12-08 02:48:21",2021,5,23,Sunday,3.63,strong,ml,8.31,shallow,-155.215166666667,19.3045,earthquake,0,",us,hv,",hv,NULL,21,3.4,3.94,",dyfi,origin,phase-data,shakemap,",210,72482987,",us7000e5kp,hv72482987,",62,3.184254625848399,0.1,100,reviewed
us7000e5ke,"24 km SE of Gisenyi, Rwanda",Rwanda,"2021-05-23 16:52:25","2021-07-31 22:08:57",2021,5,23,Sunday,4.3,strong,mb,13.06,shallow,29.4389,-1.828,earthquake,0,",us,",us,NULL,4,4.7,0,",dyfi,origin,phase-data,",286,7000e5ke,",us7000e5ke,",45.59407818144721,1.78,0.39,73,reviewed
pr2021143004,"76 km NW of Aguadilla, Puerto Rico","Puerto Rico","2021-05-23 16:52:14","2021-05-23 17:55:25",2021,5,23,Sunday,3.35,strong,md,62,shallow,-67.6933,18.8908,earthquake,0,",pr,",pr,NULL,0,0,0,",origin,phase-data,",173,2021143004,",pr2021143004,",15,0.5498,0.74,205,reviewed
us6000efgg,"11 km SSW of Novaya Chara, Russia",Russia,"2021-05-23 16:32:39","2021-07-31 22:08:57",2021,5,23,Sunday,4,strong,mb,10,shallow,118.229,56.7178,earthquake,0,",us,",us,NULL,0,0,0,",origin,phase-data,",246,6000efgg,",us6000efgg,",45.59407818144721,7.232,0.63,83,reviewed
us7000e5jq,"34 km WSW of Akita, Japan",Japan,"2021-05-23 16:27:33","2021-07-31 22:08:56",2021,5,23,Sunday,4.4,strong,mb,178.95,deep,139.7642,39.57,earthquake,0,",us,",us,NULL,0,0,0,",origin,phase-data,",298,7000e5jq,",us7000e5jq,",45.59407818144721,1.573,0.47,116,reviewed
us6000efgh,"78 km SSE of Mawlaik, Myanmar",Myanmar,"2021-05-23 15:41:03","2021-07-31 22:08:56",2021,5,23,Sunday,4.3,strong,mb,95.83,deep,94.5814,22.9496,earthquake,0,",us,",us,NULL,0,0,0,",origin,phase-data,",284,6000efgh,",us6000efgh,",45.59407818144721,0.956,0.83,103,reviewed
us7000e5im,"88 km SSW of Corinto, Nicaragua",Nicaragua,"2021-05-23 13:48:07","2021-07-31 22:08:55",2021,5,23,Sunday,4.3,strong,mb,38.22,shallow,-87.3391,11.6969,earthquake,0,",us,",us,NULL,0,0,0,",origin,phase-data,",284,7000e5im,",us7000e5im,",45.59407818144721,1.034,0.59,197,reviewed
us6000efgd,"181 km NNE of Baukau, Timor Leste","Timor Leste","2021-05-23 13:37:15","2021-07-31 22:08:54",2021,5,23,Sunday,4.2,strong,mb,417.01,deep,126.8458,-6.8849,earthquake,0,",us,",us,NULL,0,0,0,",origin,phase-data,",271,6000efgd,",us6000efgd,",45.59407818144721,3.826,0.34,91,reviewed
us7000e5ic,"39 km ESE of Vallenar, Chile",Chile,"2021-05-23 13:23:11","2021-07-31 22:08:54",2021,5,23,Sunday,4.2,strong,mb,86.26,deep,-70.3705,-28.6763,earthquake,0,",us,",us,NULL,1,1,0,",dyfi,origin,phase-data,",271,7000e5ic,",us7000e5ic,",45.59407818144721,0.441,0.64,86,reviewed
us6000efgf,"18 km SE of Gisenyi, Rwanda",Rwanda,"2021-05-23 13:07:56","2021-07-31 22:08:53",2021,5,23,Sunday,4.5,strong,mb,10,shallow,29.3863,-1.8121,earthquake,0,",us,",us,NULL,0,0,0,",origin,phase-data,",312,6000efgf,",us6000efgf,",45.59407818144721,1.808,0.49,86,reviewed
us7000e5i2,"7 km SSE of Nagarote, Nicaragua",Nicaragua,"2021-05-23 12:41:56","2021-07-31 22:08:53",2021,5,23,Sunday,4.2,strong,mb,173.39,deep,-86.542,12.2009,earthquake,0,",us,",us,NULL,0,0,0,",origin,phase-data,",271,7000e5i2,",us7000e5i2,",45.59407818144721,0.291,0.52,144,reviewed
us6000efga,"187 km SE of Sarangani, Philippines",Philippines,"2021-05-23 12:23:38","2021-07-31 22:08:53",2021,5,23,Sunday,4.3,strong,mb,45.89,shallow,126.7652,4.316,earthquake,0,",us,",us,NULL,0,0,0,",origin,phase-data,",284,6000efga,",us6000efga,",45.59407818144721,2.979,0.61,115,reviewed
us6000efgz,"Iceland region","Iceland region","2021-05-23 12:22:44","2021-07-31 22:08:53",2021,5,23,Sunday,4.1,strong,mb,10,shallow,-27.9718,61.0492,earthquake,0,",us,",us,NULL,0,0,0,",origin,phase-data,",259,6000efgz,",us6000efgz,",45.59407818144721,4.795,0.72,188,reviewed
us7000e5hv,"Mariana Islands region","Mariana Islands region","2021-05-23 12:01:45","2021-07-31 22:08:52",2021,5,23,Sunday,4.1,strong,mb,309.95,deep,143.1322,21.61,earthquake,0,",us,",us,NULL,0,0,0,",origin,phase-data,",259,7000e5hv,",us7000e5hv,",45.59407818144721,5.529,0.57,135,reviewed
us6000efg9,"Iceland region","Iceland region","2021-05-23 11:59:12","2021-07-31 22:08:52",2021,5,23,Sunday,4.3,strong,mb,10,shallow,-28.1035,61.0193,earthquake,0,",us,",us,NULL,0,0,0,",origin,phase-data,",284,6000efg9,",us6000efg9,",45.59407818144721,4.857,0.67,161,reviewed
us6000efgx,"19 km NW of Gitarama, Rwanda",Rwanda,"2021-05-23 11:51:54","2021-07-31 22:08:51",2021,5,23,Sunday,4.2,strong,mb,10,shallow,29.6147,-1.9652,earthquake,0,",us,",us,NULL,0,0,0,",origin,phase-data,",271,6000efgx,",us6000efgx,",45.59407818144721,1.759,1.16,96,reviewed
us7000e5hx,"Reykjanes Ridge","Reykjanes Ridge","2021-05-23 11:44:41","2021-07-31 22:08:51",2021,5,23,Sunday,4.4,strong,mb,10,shallow,-28.078,60.9796,earthquake,0,",us,",us,NULL,0,0,0,",origin,phase-data,",298,7000e5hx,",us7000e5hx,",45.59407818144721,4.882,0.45,140,reviewed
pr2021143003,"88 km N of San Antonio, Puerto Rico","Puerto Rico","2021-05-23 11:17:36","2021-07-31 22:08:51",2021,5,23,Sunday,3.52,strong,md,41,shallow,-67.1886,19.2901,earthquake,0,",us,pr,",pr,NULL,0,0,0,",origin,phase-data,",191,2021143003,",us7000e5hj,pr2021143003,",27,0.8262,0.52,220,reviewed
us7000e5hh,"78 km W of San Antonio de los Cobres, Argentina",Argentina,"2021-05-23 10:57:15","2021-07-31 22:08:50",2021,5,23,Sunday,4.2,strong,mb,185.09,deep,-67.0881,-24.2438,earthquake,0,",us,",us,NULL,0,0,0,",origin,phase-data,",271,7000e5hh,",us7000e5hh,",45.59407818144721,1.629,0.44,103,reviewed
us6000efg8,"221 km SE of Hihifo, Tonga",Tonga,"2021-05-23 10:32:09","2021-07-31 22:08:50",2021,5,23,Sunday,4.5,strong,mb,10,shallow,-172.2485,-17.285,earthquake,0,",us,",us,NULL,0,0,0,",origin,phase-data,",312,6000efg8,",us6000efg8,",45.59407818144721,3.387,0.72,84,reviewed
us6000efg7,"31 km N of Bandar-e Gen?veh, Iran",Iran,"2021-05-23 09:38:49","2021-07-31 22:08:50",2021,5,23,Sunday,4.5,strong,mb,10,shallow,50.4918,29.8651,earthquake,0,",us,",us,NULL,0,0,0,",origin,phase-data,",312,6000efg7,",us6000efg7,",45.59407818144721,3.54,0.64,91,reviewed
us7000e5gz,"276 km SSW of Severo-Kuril’sk, Russia",Russia,"2021-05-23 09:32:27","2021-07-31 22:08:49",2021,5,23,Sunday,4.3,strong,mb,54.62,shallow,154.8431,48.3309,earthquake,0,",us,",us,NULL,0,0,0,",origin,phase-data,",284,7000e5gz,",us7000e5gz,",45.59407818144721,5.115,0.7,186,reviewed
us6000efg4,"84 km ENE of Namie, Japan",Japan,"2021-05-23 09:15:58","2021-07-31 22:08:49",2021,5,23,Sunday,4.4,strong,mb,53,shallow,141.9089,37.7233,earthquake,0,",us,",us,NULL,0,0,0,",origin,phase-data,",298,6000efg4,",us6000efg4,",45.59407818144721,3.131,0.5,157,reviewed
us7000e5gr,"South Sandwich Islands region","South Sandwich Islands region","2021-05-23 08:58:33","2025-12-22 19:01:42",2021,5,23,Sunday,5.3,strong,mww,35,shallow,-25.3067,-58.7827,earthquake,0,",usauto,iscgem,us,",us,NULL,0,0,0,",internal-moment-tensor,origin,phase-data,",432,7000e5gr,",usauto7000e5gr,iscgem620488967,us7000e5gr,",45.59407818144721,9.988,0.49,28,reviewed
us7000e5gd,"57 km SSE of Iztapa, Guatemala",Guatemala,"2021-05-23 07:29:02","2021-07-31 22:08:48",2021,5,23,Sunday,4.3,strong,mb,43.5,shallow,-90.4821,13.4592,earthquake,0,",us,",us,NULL,0,0,0,",origin,phase-data,",284,7000e5gd,",us7000e5gd,",45.59407818144721,1.023,0.79,156,reviewed
us7000e5gc,"Southern Qinghai, China",China,"2021-05-23 07:24:33","2021-07-31 22:08:48",2021,5,23,Sunday,4.2,strong,mb,10,shallow,99.0711,34.4011,earthquake,0,",us,",us,NULL,0,0,0,",origin,phase-data,",271,7000e5gc,",us7000e5gc,",45.59407818144721,8.208,0.86,91,reviewed
us6000effz,"36 km NNE of Al Hoceïma, Morocco",Morocco,"2021-05-23 06:42:16","2021-07-31 22:08:48",2021,5,23,Sunday,4.5,strong,mb,10,shallow,-3.7349,35.5354,earthquake,0,",us,",us,NULL,0,0,0,",origin,phase-data,",312,6000effz,",us6000effz,",45.59407818144721,2.207,0.82,95,reviewed
us6000efg5,"35 km NE of Al Hoceïma, Morocco",Morocco,"2021-05-23 06:18:40","2021-07-31 22:08:47",2021,5,23,Sunday,4.3,strong,mb,10,shallow,-3.6342,35.4548,earthquake,0,",us,",us,NULL,0,0,0,",origin,phase-data,",284,6000efg5,",us6000efg5,",45.59407818144721,2.743,0.47,115,reviewed
us7000e5g0,"92 km SSE of Sand Point, Alaska",Alaska,"2021-05-23 05:39:44","2021-07-31 22:08:47",2021,5,23,Sunday,4.1,strong,mb,33.74,shallow,-160.1749,54.5255,earthquake,0,",ak,us,",us,NULL,0,0,0,",origin,phase-data,",259,7000e5g0,",ak0216kl28s9,us7000e5g0,",45.59407818144721,0.457,0.78,199,reviewed
us7000e5fq,"82 km WSW of San Nicolas, Philippines",Philippines,"2021-05-23 04:41:33","2025-12-22 19:01:01",2021,5,23,Sunday,5.1,strong,mww,10,shallow,119.3391,14.7572,earthquake,0,",us,usauto,iscgem,",us,NULL,3,2.2,0,",dyfi,internal-moment-tensor,origin,phase-data,",401,7000e5fq,",us7000e5fq,usauto7000e5fq,iscgem620438175,",45.59407818144721,8.185,1,33,reviewed
us7000e5fp,"53 km W of Labuan, Indonesia",Indonesia,"2021-05-23 04:33:49","2021-07-31 22:08:46",2021,5,23,Sunday,4.7,strong,mb,10,shallow,105.3509,-6.3991,earthquake,0,",us,",us,NULL,0,0,0,",origin,phase-data,",340,7000e5fp,",us7000e5fp,",45.59407818144721,2.287,1.19,57,reviewed
us6000effv,"73 km SE of Kimbe, Papua New Guinea","Papua New Guinea","2021-05-23 04:16:01","2021-07-31 22:08:46",2021,5,23,Sunday,4.2,strong,mb,75.91,deep,150.5806,-6.0437,earthquake,0,",us,",us,NULL,0,0,0,",origin,phase-data,",271,6000effv,",us6000effv,",45.59407818144721,2.247,1.2,139,reviewed
us6000effs,"45 km NW of Labuan, Indonesia",Indonesia,"2021-05-23 03:52:34","2021-07-31 22:08:45",2021,5,23,Sunday,4.7,strong,mb,10,shallow,105.487,-6.1451,earthquake,0,",us,",us,NULL,0,0,0,",origin,phase-data,",340,6000effs,",us6000effs,",45.59407818144721,2.218,1.11,110,reviewed
us7000e5fj,"35 km WNW of Labuan, Indonesia",Indonesia,"2021-05-23 03:50:50","2025-12-22 19:00:59",2021,5,23,Sunday,5.2,strong,mww,15.95,shallow,105.525,-6.2692,earthquake,0,",us,usauto,iscgem,",us,NULL,2,2.9,0,",dyfi,internal-moment-tensor,origin,phase-data,",417,7000e5fj,",us7000e5fj,usauto7000e5fj,iscgem620438161,",45.59407818144721,2.147,1.07,31,reviewed
us7000e5fh,"53 km W of Labuan, Indonesia",Indonesia,"2021-05-23 03:48:12","2021-07-31 22:08:45",2021,5,23,Sunday,5.1,strong,mb,10,shallow,105.3483,-6.3831,earthquake,0,",us,",us,NULL,1,2,0,",dyfi,origin,phase-data,",400,7000e5fh,",us7000e5fh,",45.59407818144721,2.293,1.13,48,reviewed
us7000e5fn,"Southern Qinghai, China",China,"2021-05-23 03:46:56","2021-07-31 22:08:45",2021,5,23,Sunday,4.1,strong,mb,10,shallow,98.9669,34.6109,earthquake,0,",us,",us,NULL,0,0,0,",origin,phase-data,",259,7000e5fn,",us7000e5fn,",45.59407818144721,10.911,0.6,177,reviewed
us7000e5fe,"south of the Fiji Islands","south of the Fiji Islands","2021-05-23 03:39:06","2021-07-31 22:08:44",2021,5,23,Sunday,4.4,strong,mb,530.37,deep,179.6062,-25.2655,earthquake,0,",us,",us,NULL,0,0,0,",origin,phase-data,",298,7000e5fe,",us7000e5fe,",45.59407818144721,7.622,1.04,76,reviewed
us6000effx,"298 km NE of Lospalos, Timor Leste","Timor Leste","2021-05-23 03:04:39","2021-07-31 22:08:44",2021,5,23,Sunday,4.2,strong,mb,199.28,deep,129.1506,-6.8901,earthquake,0,",us,",us,NULL,0,0,0,",origin,phase-data,",271,6000effx,",us6000effx,",45.59407818144721,2.391,1.06,159,reviewed
us7000e5fb,"Kermadec Islands, New Zealand","New Zealand","2021-05-23 02:40:27","2025-12-22 19:01:41",2021,5,23,Sunday,4.9,strong,mb,10,shallow,-177.5108,-30.6709,earthquake,0,",iscgem,us,",us,NULL,0,0,0,",origin,phase-data,",369,7000e5fb,",iscgem620488965,us7000e5fb,",45.59407818144721,9.13,0.95,134,reviewed
us7000e5eu,"215 km SE of Pondaguitan, Philippines",Philippines,"2021-05-23 02:02:08","2025-12-22 19:01:00",2021,5,23,Sunday,5.5,strong,mww,83,deep,127.5262,4.9536,earthquake,0,",us,usauto,iscgem,",us,green,5,2.8,3.806,",dyfi,internal-moment-tensor,losspager,moment-tensor,origin,phase-data,shakemap,",467,7000e5eu,",us7000e5eu,usauto7000e5eu,iscgem620438168,",45.59407818144721,2.858,0.9,31,reviewed
us7000e5ej,"105 km E of W?ngjing, India",India,"2021-05-23 01:26:41","2021-07-31 22:08:43",2021,5,23,Sunday,4.4,strong,mb,103.92,deep,95.0955,24.7351,earthquake,0,",us,",us,NULL,0,0,0,",origin,phase-data,",298,7000e5ej,",us7000e5ej,",45.59407818144721,0.882,0.78,85,reviewed
us7000e5eb,"Jujuy, Argentina",Argentina,"2021-05-23 00:35:04","2021-07-31 22:08:42",2021,5,23,Sunday,4.3,strong,mb,209.33,deep,-66.8661,-23.9895,earthquake,0,",us,",us,NULL,1,1,0,",dyfi,origin,phase-data,",285,7000e5eb,",us7000e5eb,",45.59407818144721,1.587,0.86,66,reviewed
us6000ef7f,"7 km SW of Gisenyi, Rwanda",Rwanda,"2021-05-22 23:54:56","2021-07-31 22:08:41",2021,5,22,Saturday,4.3,strong,mb,10,shallow,29.2111,-1.7503,earthquake,0,",us,",us,NULL,0,0,0,",origin,phase-data,",284,6000ef7f,",us6000ef7f,",45.59407818144721,1.905,1.29,111,reviewed
us7000e5e1,"92 km W of San Antonio de los Cobres, Argentina",Argentina,"2021-05-22 23:41:57","2021-07-31 22:08:41",2021,5,22,Saturday,4.2,strong,mb,204.14,deep,-67.2293,-24.1546,earthquake,0,",us,",us,NULL,0,0,0,",origin,phase-data,",271,7000e5e1,",us7000e5e1,",45.59407818144721,1.48,0.69,89,reviewed
us7000e5e0,"68 km SE of Pangai, Tonga",Tonga,"2021-05-22 23:34:42","2021-07-31 22:08:40",2021,5,22,Saturday,5,strong,mb,10,shallow,-173.839,-20.1891,earthquake,0,",us,",us,NULL,0,0,0,",origin,phase-data,",385,7000e5e0,",us7000e5e0,",45.59407818144721,6.547,0.6,69,reviewed
us6000ef7d,"10 km W of Palimbang, Philippines",Philippines,"2021-05-22 23:23:20","2021-07-31 22:08:40",2021,5,22,Saturday,3.9,strong,mb,488.73,deep,124.0927,6.1913,earthquake,0,",us,",us,NULL,0,0,0,",origin,phase-data,",234,6000ef7d,",us6000ef7d,",45.59407818144721,6.297,0.49,101,reviewed
us7000e5dn,"194 km SW of Emiliano Zapata, Mexico",Mexico,"2021-05-22 22:54:25","2021-07-31 22:08:39",2021,5,22,Saturday,4.5,strong,mb,10,shallow,-106.4856,18.3954,earthquake,0,",us,",us,NULL,0,0,0,",origin,phase-data,",312,7000e5dn,",us7000e5dn,",45.59407818144721,2.518,0.62,124,reviewed
us7000e5dl,"Papua, Indonesia",Indonesia,"2021-05-22 22:42:14","2021-07-31 22:08:39",2021,5,22,Saturday,4.5,strong,mb,139.53,deep,138.4945,-4.2875,earthquake,0,",us,",us,NULL,0,0,0,",origin,phase-data,",312,7000e5dl,",us7000e5dl,",45.59407818144721,2.822,0.98,75,reviewed
us6000ef7c,"53 km ENE of Port-Olry, Vanuatu",Vanuatu,"2021-05-22 22:18:40","2021-07-31 22:08:38",2021,5,22,Saturday,4.2,strong,mb,136.94,deep,167.5026,-14.7997,earthquake,0,",us,",us,NULL,0,0,0,",origin,phase-data,",271,6000ef7c,",us6000ef7c,",45.59407818144721,0.705,0.74,257,reviewed
us6000ef7g,"21 km E of Estique, Peru",Peru,"2021-05-22 22:09:05","2021-07-31 22:08:38",2021,5,22,Saturday,4.2,strong,mb,10,shallow,-69.8168,-17.5552,earthquake,0,",us,",us,NULL,0,0,0,",origin,phase-data,",271,6000ef7g,",us6000ef7g,",45.59407818144721,0.323,0.79,201,reviewed
pr2021142005,"73 km N of Tierras Nuevas Poniente, Puerto Rico","Puerto Rico","2021-05-22 21:49:36","2021-05-22 22:18:51",2021,5,22,Saturday,3.2,strong,md,22,shallow,-66.458,19.1245,earthquake,0,",pr,",pr,NULL,0,0,0,",origin,phase-data,",158,2021142005,",pr2021142005,",14,0.6513,0.2,285,reviewed
us7000e5d9,"234 km E of Levuka, Fiji",Fiji,"2021-05-22 21:32:58","2021-07-31 22:08:38",2021,5,22,Saturday,4.5,strong,mb,549.68,deep,-178.4848,-17.7898,earthquake,0,",us,",us,NULL,0,0,0,",origin,phase-data,",312,7000e5d9,",us7000e5d9,",45.59407818144721,3.299,0.66,113,reviewed
us7000e5d0,"143 km WNW of Sola, Vanuatu",Vanuatu,"2021-05-22 20:37:31","2021-07-31 22:08:37",2021,5,22,Saturday,4.9,strong,mb,10,shallow,166.4312,-13.1751,earthquake,0,",us,",us,NULL,0,0,0,",origin,phase-data,",369,7000e5d0,",us7000e5d0,",45.59407818144721,2.379,0.73,142,reviewed
us7000e5cw,"47 km WNW of San Antonio de los Cobres, Argentina",Argentina,"2021-05-22 20:23:42","2021-07-31 22:08:37",2021,5,22,Saturday,4.5,strong,mwr,194.06,deep,-66.7272,-24.0113,earthquake,0,",us,",us,NULL,0,0,0,",origin,phase-data,",312,7000e5cw,",us7000e5cw,",45.59407818144721,1.699,0.67,43,reviewed
us7000e5ct,Taiwan,Taiwan,"2021-05-22 19:57:43","2021-07-31 22:08:37",2021,5,22,Saturday,4.4,strong,mb,16.4,shallow,121.5256,23.8471,earthquake,0,",us,",us,NULL,0,0,0,",origin,phase-data,",298,7000e5ct,",us7000e5ct,",45.59407818144721,0.331,0.77,97,reviewed
us7000e5cr,"112 km WSW of Alianza Cristiana, Peru",Peru,"2021-05-22 19:45:14","2021-07-31 22:08:36",2021,5,22,Saturday,4.8,strong,mb,111.37,deep,-77.3597,-3.8926,earthquake,0,",us,",us,NULL,0,0,0,",origin,phase-data,",354,7000e5cr,",us7000e5cr,",45.59407818144721,3.34,0.69,85,reviewed
us6000ef77,"115 km SSE of Sand Point, Alaska",Alaska,"2021-05-22 19:35:28","2021-07-31 22:08:35",2021,5,22,Saturday,4.1,strong,mb,18.83,shallow,-159.6565,54.4216,earthquake,0,",us,",us,NULL,0,0,0,",origin,phase-data,",259,6000ef77,",us6000ef77,",45.59407818144721,1.043,0.52,205,reviewed
us6000ef76,"142 km E of Lospalos, Timor Leste","Timor Leste","2021-05-22 19:32:47","2021-07-31 22:08:35",2021,5,22,Saturday,4.2,strong,mb,10,shallow,128.2797,-8.3751,earthquake,0,",us,",us,NULL,0,0,0,",origin,phase-data,",271,6000ef76,",us6000ef76,",45.59407818144721,3.014,0.96,70,reviewed
us7000e5ci,"south of the Fiji Islands","south of the Fiji Islands","2021-05-22 18:51:52","2025-12-22 18:01:01",2021,5,22,Saturday,5,strong,mb,553.27,deep,179.8083,-23.7747,earthquake,0,",iscgem,us,",us,NULL,0,0,0,",origin,phase-data,",385,7000e5ci,",iscgem620488963,us7000e5ci,",45.59407818144721,6.22,0.53,55,reviewed
ak0216j57mlz,"49 km W of Nanwalek, Alaska",Alaska,"2021-05-22 18:29:39","2021-07-31 22:08:35",2021,5,22,Saturday,3.6,strong,ml,70.4,deep,-152.7834,59.2821,earthquake,0,",us,ak,",ak,NULL,1,2,0,",dyfi,origin,phase-data,",200,0216j57mlz,",us7000e5er,ak0216j57mlz,",45.59407818144721,3.184254625848399,0.67,121.80208981074368,reviewed
us7000e5cc,"Southern Qinghai, China",China,"2021-05-22 18:19:40","2021-07-31 22:08:34",2021,5,22,Saturday,4.4,strong,mb,10,shallow,98.4494,34.558,earthquake,0,",us,",us,NULL,0,0,0,",origin,phase-data,",298,7000e5cc,",us7000e5cc,",45.59407818144721,4.513,0.92,35,reviewed
us7000e5c9,"off the coast of Oregon","off the coast of Oregon","2021-05-22 18:06:40","2021-07-31 22:08:34",2021,5,22,Saturday,3.1,strong,ml,10,shallow,-128.917,43.9286,earthquake,0,",us,",us,NULL,0,0,0,",origin,phase-data,",148,7000e5c9,",us7000e5c9,",45.59407818144721,3.526,0.67,225,reviewed
us6000ef7b,"163 km NNE of Hirara, Japan",Japan,"2021-05-22 16:26:08","2021-07-31 22:08:34",2021,5,22,Saturday,4.1,strong,mb,113.42,deep,125.815,26.2024,earthquake,0,",us,",us,NULL,0,0,0,",origin,phase-data,",259,6000ef7b,",us6000ef7b,",45.59407818144721,2.29,1.22,95,reviewed
us7000e5bp,"65 km S of Banjar, Indonesia",Indonesia,"2021-05-22 15:47:23","2021-07-31 22:08:33",2021,5,22,Saturday,4.3,strong,mb,67.12,shallow,107.3605,-7.7873,earthquake,0,",us,",us,NULL,0,0,0,",origin,phase-data,",284,7000e5bp,",us7000e5bp,",45.59407818144721,0.431,0.8,110,reviewed
us7000e5be,"34 km ENE of Cocachacra, Peru",Peru,"2021-05-22 14:35:52","2021-07-31 22:08:33",2021,5,22,Saturday,4.6,strong,mb,51.44,shallow,-71.4513,-16.9879,earthquake,0,",us,",us,NULL,1,3.4,0,",dyfi,origin,phase-data,",326,7000e5be,",us7000e5be,",45.59407818144721,1.734,1.15,103,reviewed
us7000e5ba,"115 km SW of Leava, Wallis and Futuna","Wallis and Futuna","2021-05-22 14:24:47","2025-12-22 18:00:58",2021,5,22,Saturday,4.6,strong,mb,395.24,deep,-178.8914,-15.0599,earthquake,0,",usauto,iscgem,us,",us,NULL,0,0,0,",internal-moment-tensor,origin,phase-data,",326,7000e5ba,",usauto7000e5ba,iscgem620438025,us7000e5ba,",45.59407818144721,1.056,1.4,97,reviewed
us7000e5b4,"99 km SE of Atka, Alaska",Alaska,"2021-05-22 13:57:14","2021-07-31 22:08:32",2021,5,22,Saturday,4,strong,mb,35,shallow,-173.2581,51.5173,earthquake,0,",ak,us,",us,NULL,0,0,0,",origin,phase-data,",246,7000e5b4,",ak0216j2e6eo,us7000e5b4,",45.59407818144721,0.919,0.92,132,reviewed
us7000easf,"165 km SW of José María Morelos, Mexico",Mexico,"2021-05-22 12:58:25","2021-07-31 22:08:32",2021,5,22,Saturday,4.2,strong,mb,10,shallow,-106.4348,18.7668,earthquake,0,",us,",us,NULL,0,0,0,",origin,phase-data,",271,7000easf,",us7000easf,",45.59407818144721,1.682,0.94,248,reviewed
us7000e5ax,"98 km SE of Atka, Alaska",Alaska,"2021-05-22 12:51:09","2021-07-31 22:08:32",2021,5,22,Saturday,4.1,strong,mb,44.97,shallow,-173.3028,51.5042,earthquake,0,",ak,us,",us,NULL,0,0,0,",origin,phase-data,",259,7000e5ax,",ak0216j1rg1h,us7000e5ax,",45.59407818144721,0.915,0.54,142,reviewed
us7000e5ar,"196 km SW of Emiliano Zapata, Mexico",Mexico,"2021-05-22 12:47:04","2025-12-22 19:00:58",2021,5,22,Saturday,4.6,strong,mb,10,shallow,-106.438,18.2979,earthquake,0,",iscgem,us,",us,NULL,0,0,0,",origin,phase-data,",326,7000e5ar,",iscgem620438022,us7000e5ar,",45.59407818144721,2.938,0.85,175,reviewed
us7000e5an,"19 km NW of Dali, China",China,"2021-05-22 12:14:38","2021-07-31 22:08:31",2021,5,22,Saturday,4.7,strong,mb,10,shallow,100.0706,25.709,earthquake,0,",us,",us,NULL,1,2,0,",dyfi,origin,phase-data,",340,7000e5an,",us7000e5an,",45.59407818144721,4.425,0.43,38,reviewed
us6000ef73,"123 km SSE of Atka, Alaska",Alaska,"2021-05-22 12:08:25","2021-07-31 22:08:31",2021,5,22,Saturday,3.6,strong,mb,39.17,shallow,-173.2503,51.2608,earthquake,0,",us,",us,NULL,0,0,0,",origin,phase-data,",199,6000ef73,",us6000ef73,",45.59407818144721,1.938,0.72,206,reviewed
us6000ef6t,"79 km SE of Atka, Alaska",Alaska,"2021-05-22 11:36:16","2021-07-31 22:08:31",2021,5,22,Saturday,3.8,strong,mb,44.93,shallow,-173.4069,51.6803,earthquake,0,",us,",us,NULL,0,0,0,",origin,phase-data,",222,6000ef6t,",us6000ef6t,",45.59407818144721,1.696,0.53,166,reviewed
pr2021142004,"125 km N of Charlotte Amalie, U.S. Virgin Islands","U.S. Virgin Islands","2021-05-22 11:02:01","2021-07-31 22:08:30",2021,5,22,Saturday,3.6,strong,md,35,shallow,-64.9515,19.4745,earthquake,0,",us,pr,",pr,NULL,0,0,0,",origin,phase-data,",199,2021142004,",us7000e5ak,pr2021142004,",9,1.6064,0.33,311,reviewed
us6000ef6q,"Southern Qinghai, China",China,"2021-05-22 09:42:49","2021-07-31 22:08:30",2021,5,22,Saturday,4.3,strong,mb,10,shallow,98.4116,34.6218,earthquake,0,",us,",us,NULL,0,0,0,",origin,phase-data,",284,6000ef6q,",us6000ef6q,",45.59407818144721,10.315,0.58,108,reviewed
us7000e5ab,"Southern Qinghai, China",China,"2021-05-22 09:39:37","2021-07-31 22:08:30",2021,5,22,Saturday,4.3,strong,mb,10,shallow,97.5197,34.7559,earthquake,0,",us,",us,NULL,0,0,0,",origin,phase-data,",284,7000e5ab,",us7000e5ab,",45.59407818144721,10.384,0.58,68,reviewed
us6000ef6n,"Southern Qinghai, China",China,"2021-05-22 09:20:26","2021-07-31 22:08:30",2021,5,22,Saturday,4.2,strong,mb,10,shallow,97.7378,34.8584,earthquake,0,",us,",us,NULL,0,0,0,",origin,phase-data,",271,6000ef6n,",us6000ef6n,",45.59407818144721,7.597,0.49,70,reviewed
us7000e5a6,"75 km SE of Atka, Alaska",Alaska,"2021-05-22 09:04:40","2025-12-22 19:00:56",2021,5,22,Saturday,5.1,strong,mww,20.96,shallow,-173.3924,51.7411,earthquake,0,",ak,us,iscgem,ak,",us,NULL,0,0,2.964,",associate,moment-tensor,origin,phase-data,shakemap,",400,7000e5a6,",ak0216izp4g7,us7000e5a6,iscgem620438017,ak0216izp4q5,",45.59407818144721,1.69,0.54,128,reviewed
us6000ef6l,"south of the Kermadec Islands","south of the Kermadec Islands","2021-05-22 08:56:34","2021-07-31 22:08:29",2021,5,22,Saturday,4.5,strong,mb,10,shallow,-178.1694,-33.6733,earthquake,0,",us,",us,NULL,0,0,0,",origin,phase-data,",312,6000ef6l,",us6000ef6l,",45.59407818144721,4.826,0.37,154,reviewed
us7000e5a5,"81 km SE of Atka, Alaska",Alaska,"2021-05-22 08:56:11","2021-07-31 22:08:29",2021,5,22,Saturday,4.2,strong,mb,41.44,shallow,-173.329,51.6932,earthquake,0,",ak,us,",us,NULL,0,0,0,",origin,phase-data,",271,7000e5a5,",ak0216izesgg,us7000e5a5,",45.59407818144721,0.751,0.6,140,reviewed
us7000e5a1,"235 km SSW of Bengkulu, Indonesia",Indonesia,"2021-05-22 08:25:48","2021-07-31 22:08:28",2021,5,22,Saturday,5,strong,mb,10,shallow,101.7682,-5.8666,earthquake,0,",us,",us,NULL,0,0,0,",origin,phase-data,",385,7000e5a1,",us7000e5a1,",45.59407818144721,1.907,0.66,98,reviewed
us6000ef6k,"Kermadec Islands region","Kermadec Islands region","2021-05-22 08:07:29","2021-07-31 22:08:28",2021,5,22,Saturday,4.5,strong,mb,48.93,shallow,-177.3586,-28.4558,earthquake,0,",us,",us,NULL,0,0,0,",origin,phase-data,",312,6000ef6k,",us6000ef6k,",45.59407818144721,11.175,0.57,130,reviewed
us7000e59k,"15 km ENE of Ticaco, Peru",Peru,"2021-05-22 07:42:18","2025-12-22 19:00:55",2021,5,22,Saturday,4.9,strong,mwr,4.73,shallow,-69.9145,-17.392,earthquake,0,",us,iscgem,",us,NULL,0,0,0,",moment-tensor,origin,phase-data,",369,7000e59k,",us7000e59k,iscgem620437928,",45.59407818144721,0.458,0.73,117,reviewed
us7000e59j,"82 km NE of Norsup, Vanuatu",Vanuatu,"2021-05-22 07:37:17","2021-07-31 22:08:27",2021,5,22,Saturday,4.6,strong,mb,192.92,deep,168.0287,-15.6397,earthquake,0,",us,",us,NULL,0,0,0,",origin,phase-data,",326,7000e59j,",us7000e59j,",45.59407818144721,0.818,0.67,122,reviewed
us6000ef6h,"Southern Qinghai, China",China,"2021-05-22 07:29:38","2021-07-31 22:08:27",2021,5,22,Saturday,4,strong,mb,10,shallow,98.8063,34.6345,earthquake,0,",us,",us,NULL,0,0,0,",origin,phase-data,",246,6000ef6h,",us6000ef6h,",45.59407818144721,4.21,0.8,61,reviewed
ak0216iylo9f,"16 km W of Cohoe, Alaska",Alaska,"2021-05-22 07:20:34","2021-07-31 22:08:27",2021,5,22,Saturday,3.2,strong,ml,60.3,shallow,-151.6014,60.3683,earthquake,0,",ak,us,",ak,NULL,4,2.7,0,",dyfi,origin,phase-data,",159,0216iylo9f,",ak0216iylo9f,us7000e59h,",45.59407818144721,3.184254625848399,0.81,121.80208981074368,reviewed
us7000e59f,"Southern Qinghai, China",China,"2021-05-22 07:06:24","2025-12-22 19:00:54",2021,5,22,Saturday,4.9,strong,mb,10,shallow,98.8874,34.5353,earthquake,0,",us,iscgem,",us,NULL,1,1,0,",dyfi,origin,phase-data,",369,7000e59f,",us7000e59f,iscgem620437925,",45.59407818144721,8.154,0.6,36,reviewed
us6000ef6g,"263 km S of Alo, Wallis and Futuna","Wallis and Futuna","2021-05-22 05:59:09","2021-07-31 22:08:26",2021,5,22,Saturday,4.5,strong,mb,10,shallow,-177.6454,-16.6504,earthquake,0,",us,",us,NULL,0,0,0,",origin,phase-data,",312,6000ef6g,",us6000ef6g,",45.59407818144721,2.374,0.79,191,reviewed
us7000e59i,"95 km SE of Atka, Alaska",Alaska,"2021-05-22 05:50:11","2021-07-31 22:08:26",2021,5,22,Saturday,4.2,strong,mb,15.75,shallow,-173.2956,51.5475,earthquake,0,",ak,us,",us,NULL,0,0,0,",origin,phase-data,",271,7000e59i,",ak0216ixl7ge,us7000e59i,",45.59407818144721,0.881,0.96,192,reviewed
tx2021jxzp,"11 km NE of Odessa, Texas",Texas,"2021-05-22 04:52:41","2021-10-26 22:32:39",2021,5,22,Saturday,3.5,strong,ml,7.60542806,shallow,-102.2843226,31.92352295,earthquake,0,",us,tx,",tx,NULL,203,4.8,3.697,",dyfi,origin,phase-data,shakemap,",286,2021jxzp,",us7000e590,tx2021jxzp,",20,0.02115441183,0.2,45,reviewed
us6000ef6c,"299 km E of Levuka, Fiji",Fiji,"2021-05-22 04:38:15","2021-07-31 22:08:25",2021,5,22,Saturday,4,strong,mb,633.28,deep,-177.856,-18.0836,earthquake,0,",us,",us,NULL,0,0,0,",origin,phase-data,",246,6000ef6c,",us6000ef6c,",45.59407818144721,3.909,1.13,123,reviewed
us7000e58t,"14 km E of Jiquilillo, Nicaragua",Nicaragua,"2021-05-22 04:13:44","2021-07-31 22:08:25",2021,5,22,Saturday,4.2,strong,mb,156.63,deep,-87.3218,12.76,earthquake,0,",us,",us,NULL,0,0,0,",origin,phase-data,",271,7000e58t,",us7000e58t,",45.59407818144721,0.3,0.91,157,reviewed
us6000ef69,"266 km SSE of Alo, Wallis and Futuna","Wallis and Futuna","2021-05-22 04:09:49","2025-12-22 19:02:00",2021,5,22,Saturday,4.7,strong,mb,10,shallow,-177.2112,-16.5579,earthquake,0,",iscgem,us,",us,NULL,0,0,0,",origin,phase-data,",340,6000ef69,",iscgem620505251,us6000ef69,",45.59407818144721,2.403,1.01,116,reviewed
us7000e58r,"260 km WSW of Xining, China",China,"2021-05-22 04:03:38","2021-07-31 22:08:24",2021,5,22,Saturday,4.2,strong,mb,10,shallow,99.0616,35.7563,earthquake,0,",us,",us,NULL,0,0,0,",origin,phase-data,",271,7000e58r,",us7000e58r,",45.59407818144721,3.769,0.81,54,reviewed
us7000e58n,"261 km SW of Linxia Chengguanzhen, China",China,"2021-05-22 03:30:48","2021-07-31 22:08:24",2021,5,22,Saturday,4.7,strong,mb,10,shallow,100.8578,34.2474,earthquake,0,",us,",us,NULL,1,1,0,",dyfi,origin,phase-data,",340,7000e58n,",us7000e58n,",45.59407818144721,2.884,1.15,42,reviewed
us7000e58k,"Southern Qinghai, China",China,"2021-05-22 03:21:19","2025-12-22 19:00:53",2021,5,22,Saturday,5.2,strong,mb,10,shallow,98.0852,34.7474,earthquake,0,",iscgem,us,",us,NULL,0,0,0,",origin,phase-data,",416,7000e58k,",iscgem620437913,us7000e58k,",45.59407818144721,7.747,0.86,36,reviewed
us6000ef67,"Southern Qinghai, China",China,"2021-05-22 03:16:13","2021-07-31 22:08:23",2021,5,22,Saturday,4.5,strong,mb,10,shallow,97.8634,34.7046,earthquake,0,",us,",us,NULL,0,0,0,",origin,phase-data,",312,6000ef67,",us6000ef67,",45.59407818144721,4.928,1.1,93,reviewed
us7000e58g,"Northeastern Iran","Northeastern Iran","2021-05-22 03:07:31","2021-07-31 22:08:23",2021,5,22,Saturday,4.2,strong,mb,10,shallow,56.4717,37.8196,earthquake,0,",us,",us,NULL,0,0,0,",origin,phase-data,",271,7000e58g,",us7000e58g,",45.59407818144721,5.793,0.72,151,reviewed
us6000ef6j,"85 km NNW of Ternate, Indonesia",Indonesia,"2021-05-22 02:49:25","2021-07-31 22:08:22",2021,5,22,Saturday,4.2,strong,mb,125.1,deep,127.1218,1.5172,earthquake,0,",us,",us,NULL,0,0,0,",origin,phase-data,",271,6000ef6j,",us6000ef6j,",45.59407818144721,0.779,0.29,194,reviewed
us7000e587,"Southern Qinghai, China",China,"2021-05-22 02:38:46","2025-12-22 19:00:50",2021,5,22,Saturday,5.1,strong,mb,10,shallow,98.9375,34.5476,earthquake,0,",us,iscgem,",us,NULL,1,1,0,",dyfi,origin,phase-data,",400,7000e587,",us7000e587,iscgem620437904,",45.59407818144721,4.139,0.99,30,reviewed
us7000e584,"Southern Qinghai, China",China,"2021-05-22 02:29:37","2025-12-22 19:00:51",2021,5,22,Saturday,5.1,strong,mb,10,shallow,97.4695,34.9495,earthquake,0,",iscgem,us,",us,NULL,0,0,0,",origin,phase-data,",400,7000e584,",iscgem620437906,us7000e584,",45.59407818144721,5.18,0.83,48,reviewed
us7000e58a,"149 km SE of Lata, Solomon Islands","Solomon Islands","2021-05-22 02:26:02","2021-07-31 22:08:21",2021,5,22,Saturday,4.6,strong,mb,58.91,shallow,166.7621,-11.6842,earthquake,0,",us,",us,NULL,0,0,0,",origin,phase-data,",326,7000e58a,",us7000e58a,",45.59407818144721,3.765,1.31,117,reviewed
us6000ef66,"Fiji region","Fiji region","2021-05-22 02:04:20","2021-07-31 22:08:21",2021,5,22,Saturday,4.2,strong,mb,601.03,deep,-178.8637,-21.1971,earthquake,0,",us,",us,NULL,0,0,0,",origin,phase-data,",271,6000ef66,",us6000ef66,",45.59407818144721,4.5,0.91,122,reviewed
us7000e583,"74 km NW of Neiafu, Tonga",Tonga,"2021-05-22 01:58:24","2021-07-31 22:08:21",2021,5,22,Saturday,4.6,strong,mb,79.55,deep,-174.4016,-18.1027,earthquake,0,",us,",us,NULL,0,0,0,",origin,phase-data,",326,7000e583,",us7000e583,",45.59407818144721,4.871,1.17,149,reviewed
us7000e580,"30 km WNW of Dali, China",China,"2021-05-22 01:48:04","2021-07-31 22:08:21",2021,5,22,Saturday,4.4,strong,mb,10,shallow,99.9459,25.7146,earthquake,0,",us,",us,NULL,0,0,0,",origin,phase-data,",298,7000e580,",us7000e580,",45.59407818144721,4.42,0.97,131,reviewed
tx2021jxtg,"54 km S of Whites City, New Mexico","New Mexico","2021-05-22 01:40:28","2021-07-31 22:08:20",2021,5,22,Saturday,3.5,strong,ml,6.671435547,shallow,-104.2975678,31.68754777,earthquake,0,",us,tx,",tx,NULL,1,2,4.068,",dyfi,moment-tensor,origin,phase-data,shakemap,",189,2021jxtg,",us7000e57y,tx2021jxtg,",29,0.08676195186,0.3,50,reviewed
us6000ef63,"84 km NNW of Ternate, Indonesia",Indonesia,"2021-05-22 01:25:15","2021-07-31 22:08:20",2021,5,22,Saturday,4,strong,mb,131.96,deep,127.2038,1.5313,earthquake,0,",us,",us,NULL,0,0,0,",origin,phase-data,",246,6000ef63,",us6000ef63,",45.59407818144721,0.771,0.86,157,reviewed
pr2021142001,"93 km NNW of San Antonio, Puerto Rico","Puerto Rico","2021-05-22 01:22:37","2021-07-31 22:08:20",2021,5,22,Saturday,3.51,strong,md,59,shallow,-67.416,19.2808,earthquake,0,",us,pr,",pr,NULL,0,0,0,",origin,phase-data,",190,2021142001,",us7000e57u,pr2021142001,",19,0.8685,0.41,303,reviewed
us7000e57r,"26 km ENE of Taungdwingyi, Myanmar",Myanmar,"2021-05-22 00:38:32","2021-07-31 22:08:19",2021,5,22,Saturday,4.4,strong,mb,10,shallow,95.7789,20.0893,earthquake,0,",us,",us,NULL,0,0,0,",origin,phase-data,",298,7000e57r,",us7000e57r,",45.59407818144721,0.457,0.55,68,reviewed
us7000e59d,"55 km SSE of Atka, Alaska",Alaska,"2021-05-22 00:14:22","2021-07-31 22:08:19",2021,5,22,Saturday,3.9,strong,mb,35,shallow,-173.896,51.7348,earthquake,0,",ak,us,",us,NULL,0,0,0,",origin,phase-data,",234,7000e59d,",ak0216iuec0l,us7000e59d,",45.59407818144721,0.554,0.26,285,reviewed
us7000e57i,"73 km SE of Pondaguitan, Philippines",Philippines,"2021-05-21 23:56:17","2021-07-31 22:08:18",2021,5,21,Friday,5.2,strong,mb,10,shallow,126.646,5.8868,earthquake,0,",us,",us,NULL,0,0,0,",origin,phase-data,",416,7000e57i,",us7000e57i,",45.59407818144721,5.131,0.78,63,reviewed
us6000ef4e,"southeast Indian Ridge","southeast Indian Ridge","2021-05-21 23:51:45","2021-07-31 22:08:18",2021,5,21,Friday,4.4,strong,mb,10,shallow,105.8274,-49.0898,earthquake,0,",us,",us,NULL,0,0,0,",origin,phase-data,",298,6000ef4e,",us6000ef4e,",45.59407818144721,17.411,0.64,132,reviewed
us7000e57h,"10 km NNW of P?veh, Iran",Iran,"2021-05-21 23:50:42","2022-08-09 05:12:01",2021,5,21,Friday,4.4,strong,mb,10,shallow,46.3272,35.1339,earthquake,0,",us,",us,NULL,4,4.5,0,",dyfi,origin,phase-data,",300,7000e57h,",us7000e57h,",45.59407818144721,0.858,0.66,95,reviewed
us6000ef4h,"southeast Indian Ridge","southeast Indian Ridge","2021-05-21 23:46:40","2021-07-31 22:08:17",2021,5,21,Friday,4.3,strong,mb,10,shallow,105.9072,-49.199,earthquake,0,",us,",us,NULL,0,0,0,",origin,phase-data,",284,6000ef4h,",us6000ef4h,",45.59407818144721,17.297,0.88,205,reviewed
us6000ef4g,"southeast Indian Ridge","southeast Indian Ridge","2021-05-21 23:35:10","2021-07-31 22:08:17",2021,5,21,Friday,4.9,strong,mb,10,shallow,105.2699,-49.1216,earthquake,0,",us,",us,NULL,0,0,0,",origin,phase-data,",369,6000ef4g,",us6000ef4g,",45.59407818144721,17.422,0.4,53,reviewed
us6000ef49,"Southern Qinghai, China",China,"2021-05-21 23:32:07","2021-07-31 22:08:17",2021,5,21,Friday,4.1,strong,mb,10,shallow,98.0153,34.6674,earthquake,0,",us,",us,NULL,0,0,0,",origin,phase-data,",259,6000ef49,",us6000ef49,",45.59407818144721,4.819,0.85,63,reviewed
us6000ef46,"southeast Indian Ridge","southeast Indian Ridge","2021-05-21 23:20:14","2021-07-31 22:08:17",2021,5,21,Friday,4.9,strong,mb,10,shallow,105.6391,-49.1712,earthquake,0,",us,",us,NULL,0,0,0,",origin,phase-data,",369,6000ef46,",us6000ef46,",45.59407818144721,17.344,0.57,64,reviewed
us6000ef4m,"southeast Indian Ridge","southeast Indian Ridge","2021-05-21 23:07:42","2021-07-31 22:08:16",2021,5,21,Friday,4.9,strong,mb,10,shallow,105.777,-49.2263,earthquake,0,",us,",us,NULL,0,0,0,",origin,phase-data,",369,6000ef4m,",us6000ef4m,",45.59407818144721,17.279,0.62,52,reviewed
us6000ef44,"southeast Indian Ridge","southeast Indian Ridge","2021-05-21 23:06:55","2021-07-31 22:08:16",2021,5,21,Friday,4.5,strong,mb,10,shallow,105.6847,-49.0798,earthquake,0,",us,",us,NULL,0,0,0,",origin,phase-data,",312,6000ef44,",us6000ef44,",45.59407818144721,17.432,0.57,154,reviewed
us6000ef42,"Fiji region","Fiji region","2021-05-21 22:33:14","2021-07-31 22:08:16",2021,5,21,Friday,4.5,strong,mb,10,shallow,-177.3434,-16.6312,earthquake,0,",us,",us,NULL,1,0,0,",dyfi,origin,phase-data,",312,6000ef42,",us6000ef42,",45.59407818144721,2.428,1.09,116,reviewed
us7000e57c,"25 km S of Mandráki, Greece",Greece,"2021-05-21 22:23:32","2021-07-31 22:08:16",2021,5,21,Friday,4.1,strong,mb,33.75,shallow,27.1625,36.3856,earthquake,0,",us,",us,NULL,0,0,0,",origin,phase-data,",259,7000e57c,",us7000e57c,",45.59407818144721,0.793,1.04,51,reviewed
us7000e57b,"40 km SW of Jiquilillo, Nicaragua",Nicaragua,"2021-05-21 22:19:51","2025-12-22 19:05:47",2021,5,21,Friday,5.6,strong,mww,57.23,shallow,-87.6715,12.4514,earthquake,0,",us,usauto,iscgem,",us,green,15,4.7,4.077,",dyfi,internal-moment-tensor,losspager,origin,phase-data,shakemap,",490,7000e57b,",us7000e57b,usauto7000e57b,iscgem625362268,",45.59407818144721,0.68,1.1,38,reviewed
us7000e579,"265 km SSE of Alo, Wallis and Futuna","Wallis and Futuna","2021-05-21 22:13:18","2025-12-22 19:00:49",2021,5,21,Friday,6.5,destructive,mww,10,shallow,-177.3725,-16.6009,earthquake,1,",us,pt,usauto,at,iscgem,",us,green,5,4.6,6.574,",dyfi,impact-link,internal-moment-tensor,internal-origin,losspager,moment-tensor,origin,phase-data,shakemap,",652,7000e579,",us7000e579,pt21141002,usauto7000e579,at00qth9qi,iscgem620437827,",45.59407818144721,4.518,0.96,44,reviewed
us7000e576,"Southern Qinghai, China",China,"2021-05-21 21:59:37","2021-07-31 22:08:15",2021,5,21,Friday,4.6,strong,mb,10,shallow,98.3686,34.5901,earthquake,0,",us,",us,NULL,0,0,0,",origin,phase-data,",326,7000e576,",us7000e576,",45.59407818144721,10.611,0.46,105,reviewed
us6000ef3x,"Southern Qinghai, China",China,"2021-05-21 21:14:02","2021-07-31 22:08:15",2021,5,21,Friday,4,strong,mb,10,shallow,97.8683,34.7527,earthquake,0,",us,",us,NULL,0,0,0,",origin,phase-data,",246,6000ef3x,",us6000ef3x,",45.59407818144721,4.911,0.63,46,reviewed
us6000ef3v,"Southern Qinghai, China",China,"2021-05-21 21:09:12","2021-07-31 22:08:14",2021,5,21,Friday,4,strong,mb,10,shallow,99.2279,34.4304,earthquake,0,",us,",us,NULL,0,0,0,",origin,phase-data,",246,6000ef3v,",us6000ef3v,",45.59407818144721,3.962,0.67,44,reviewed
ak0216hiwk52,"4 km ENE of Girdwood, Alaska",Alaska,"2021-05-21 20:37:13","2021-07-31 22:08:14",2021,5,21,Friday,3.1,strong,ml,13.3,shallow,-149.0988,60.9622,earthquake,0,",us,ak,",ak,NULL,22,3.4,3.278,",dyfi,origin,phase-data,shakemap,",155,0216hiwk52,",us7000e56h,ak0216hiwk52,",45.59407818144721,3.184254625848399,0.55,121.80208981074368,reviewed
us6000ef3q,"Izu Islands, Japan region","Japan region","2021-05-21 20:20:55","2021-07-31 22:08:14",2021,5,21,Friday,4.4,strong,mb,10,shallow,142.1409,31.8174,earthquake,0,",us,",us,NULL,0,0,0,",origin,phase-data,",298,6000ef3q,",us6000ef3q,",45.59407818144721,2.354,0.54,139,reviewed
us6000ef3r,"27 km WNW of Dali, China",China,"2021-05-21 20:10:59","2021-07-31 22:08:13",2021,5,21,Friday,4.1,strong,mb,10,shallow,99.9773,25.7154,earthquake,0,",us,",us,NULL,0,0,0,",origin,phase-data,",259,6000ef3r,",us6000ef3r,",45.59407818144721,4.423,0.49,80,reviewed
us7000e569,"Southern Qinghai, China",China,"2021-05-21 20:04:31","2021-07-31 22:08:13",2021,5,21,Friday,4.5,strong,mb,10,shallow,98.5886,34.5177,earthquake,0,",us,",us,NULL,0,0,0,",origin,phase-data,",312,7000e569,",us7000e569,",45.59407818144721,4.419,0.73,40,reviewed
us7000e560,"20 km E of Wright, Wyoming",Wyoming,"2021-05-21 20:03:57","2021-07-31 22:08:13",2021,5,21,Friday,3.5,strong,ml,0,shallow,-105.2337,43.7645,"mining explosion",0,",us,",us,NULL,0,0,0,",origin,phase-data,",188,7000e560,",us7000e560,",45.59407818144721,0.935,0.7,43,reviewed
us7000e55i,"Southern Qinghai, China",China,"2021-05-21 19:49:15","2021-07-31 22:08:12",2021,5,21,Friday,4.6,strong,mb,10,shallow,97.7166,34.6655,earthquake,0,",us,",us,NULL,0,0,0,",origin,phase-data,",326,7000e55i,",us7000e55i,",45.59407818144721,5.055,0.95,43,reviewed
us6000ef3l,"Kermadec Islands, New Zealand","New Zealand","2021-05-21 19:34:30","2021-07-31 22:08:12",2021,5,21,Friday,4.5,strong,mb,10,shallow,-177.4626,-30.2647,earthquake,0,",us,",us,NULL,0,0,0,",origin,phase-data,",312,6000ef3l,",us6000ef3l,",45.59407818144721,1.094,0.96,146,reviewed
ak0216hi870x,"23 km SSW of Larsen Bay, Alaska",Alaska,"2021-05-21 19:23:45","2021-07-31 22:08:12",2021,5,21,Friday,3,strong,ml,35,shallow,-154.0593,57.3318,earthquake,0,",us,ak,",ak,NULL,0,0,0,",origin,phase-data,",138,0216hi870x,",us7000e55a,ak0216hi870x,",45.59407818144721,3.184254625848399,0.66,121.80208981074368,automatic
us7000e57f,"south of the Aleutian Islands","south of the Aleutian Islands","2021-05-21 19:21:59","2021-07-31 22:08:12",2021,5,21,Friday,3,strong,ml,10,shallow,177.3506,49.8997,earthquake,0,",ak,us,",us,NULL,0,0,0,",origin,phase-data,",138,7000e57f,",ak0216hi7yt4,us7000e57f,",45.59407818144721,2.946,0.88,345,reviewed
us7000e558,"Southern Qinghai, China",China,"2021-05-21 19:09:18","2021-07-31 22:08:11",2021,5,21,Friday,4.5,strong,mb,10,shallow,97.8033,34.8004,earthquake,0,",us,",us,NULL,0,0,0,",origin,phase-data,",312,7000e558,",us7000e558,",45.59407818144721,4.95,0.73,35,reviewed
us7000e557,"Southern Qinghai, China",China,"2021-05-21 19:03:08","2021-07-31 22:08:11",2021,5,21,Friday,4.9,strong,mb,10,shallow,99.058,34.4065,earthquake,0,",us,",us,NULL,0,0,0,",origin,phase-data,",369,7000e557,",us7000e557,",45.59407818144721,4.1,0.94,37,reviewed
us6000ef40,"Southern Qinghai, China",China,"2021-05-21 18:55:27","2021-07-31 22:08:11",2021,5,21,Friday,4.1,strong,mb,10,shallow,98.6124,34.5951,earthquake,0,",us,",us,NULL,0,0,0,",origin,phase-data,",259,6000ef40,",us6000ef40,",45.59407818144721,4.374,0.67,70,reviewed
us6000ef3d,"Southern Qinghai, China",China,"2021-05-21 18:51:00","2021-07-31 22:08:10",2021,5,21,Friday,4.4,strong,mb,10,shallow,98.903,34.6594,earthquake,0,",us,",us,NULL,0,0,0,",origin,phase-data,",298,6000ef3d,",us6000ef3d,",45.59407818144721,4.127,0.62,67,reviewed
us6000ef3e,"Southern Qinghai, China",China,"2021-05-21 18:43:31","2021-07-31 22:08:10",2021,5,21,Friday,4.2,strong,mb,10,shallow,99.1086,34.6893,earthquake,0,",us,",us,NULL,0,0,0,",origin,phase-data,",271,6000ef3e,",us6000ef3e,",45.59407818144721,3.957,0.99,58,reviewed
us6000ef4c,"Southern Qinghai, China",China,"2021-05-21 18:38:32","2021-07-31 22:08:10",2021,5,21,Friday,4.2,strong,mb,10,shallow,98.4408,34.5948,earthquake,0,",us,",us,NULL,0,0,0,",origin,phase-data,",271,6000ef4c,",us6000ef4c,",45.59407818144721,4.508,0.85,67,reviewed
us7000e551,"128 km S of Bengkulu, Indonesia",Indonesia,"2021-05-21 18:36:48","2021-07-31 22:08:10",2021,5,21,Friday,4.8,strong,mb,33.2,shallow,102.1795,-4.9566,earthquake,0,",us,",us,NULL,0,0,0,",origin,phase-data,",354,7000e551,",us7000e551,",45.59407818144721,0.974,0.8,47,reviewed
us6000ef3c,"Southern Qinghai, China",China,"2021-05-21 18:36:02","2021-07-31 22:08:09",2021,5,21,Friday,4.6,strong,mb,10,shallow,98.4539,34.611,earthquake,0,",us,",us,NULL,0,0,0,",origin,phase-data,",326,6000ef3c,",us6000ef3c,",45.59407818144721,4.492,0.43,54,reviewed
us6000ef4d,"Southern Qinghai, China",China,"2021-05-21 18:30:32","2021-07-31 22:08:09",2021,5,21,Friday,4.5,strong,mb,10,shallow,99.0816,34.6132,earthquake,0,",us,",us,NULL,0,0,0,",origin,phase-data,",312,6000ef4d,",us6000ef4d,",45.59407818144721,4.005,0.85,48,reviewed
us6000ef4a,"25 km WNW of Dali, China",China,"2021-05-21 18:28:46","2021-07-31 22:08:08",2021,5,21,Friday,4.9,strong,mb,10,shallow,99.978,25.6714,earthquake,0,",us,",us,NULL,0,0,0,",origin,phase-data,",369,6000ef4a,",us6000ef4a,",45.59407818144721,4.38,0.86,53,reviewed
us6000ef4b,"Southern Qinghai, China",China,"2021-05-21 18:25:05","2021-07-31 22:08:08",2021,5,21,Friday,4.7,strong,mb,10,shallow,99.104,34.4608,earthquake,0,",us,",us,NULL,0,0,0,",origin,phase-data,",340,6000ef4b,",us6000ef4b,",45.59407818144721,4.044,0.62,68,reviewed
us6000ef4j,"Southern Qinghai, China",China,"2021-05-21 18:22:54","2021-07-31 22:08:08",2021,5,21,Friday,4.3,strong,mb,10,shallow,99.0034,34.6021,earthquake,0,",us,",us,NULL,0,0,0,",origin,phase-data,",284,6000ef4j,",us6000ef4j,",45.59407818144721,4.069,0.91,73,reviewed
us6000ef3a,"Southern Qinghai, China",China,"2021-05-21 18:22:21","2021-07-31 22:08:08",2021,5,21,Friday,4.6,strong,mb,10,shallow,98.7477,34.3861,earthquake,0,",us,",us,NULL,0,0,0,",origin,phase-data,",326,6000ef3a,",us6000ef3a,",45.59407818144721,4.345,0.63,44,reviewed
us6000ef47,"Southern Qinghai, China",China,"2021-05-21 18:15:10","2025-12-22 19:01:59",2021,5,21,Friday,4.9,strong,mb,10,shallow,99.048,34.5192,earthquake,0,",iscgem,us,",us,NULL,0,0,0,",origin,phase-data,",369,6000ef47,",iscgem620505142,us6000ef47,",45.59407818144721,4.065,0.66,55,reviewed
us6000ef4i,"189 km W of Oula Xiuma, China",China,"2021-05-21 18:13:01","2026-02-04 20:37:24",2021,5,21,Friday,5.5,strong,mb,10,shallow,99.0805,34.4808,earthquake,0,",us,iscgem,",us,yellow,0,0,6.625,",earthquake-name,losspager,origin,phase-data,shakemap,",650,6000ef4i,",us6000ef4i,iscgem620505141,",45.59407818144721,4.054,0.73,43,reviewed
us6000ef48,"Southern Qinghai, China",China,"2021-05-21 18:12:15","2025-12-22 19:01:56",2021,5,21,Friday,5.5,strong,mb,10,shallow,98.4674,34.617,earthquake,0,",us,iscgem,",us,green,0,0,6.751,",losspager,origin,phase-data,shakemap,",465,6000ef48,",us6000ef48,iscgem620505138,",45.59407818144721,4.48,0.55,38,reviewed
us6000ef4t,"Southern Qinghai, China",China,"2021-05-21 18:10:42","2025-12-22 19:01:55",2021,5,21,Friday,5.2,strong,mb,10,shallow,98.2954,34.5751,earthquake,0,",iscgem,us,",us,NULL,0,0,0,",origin,phase-data,",416,6000ef4t,",iscgem620505137,us6000ef4t,",45.59407818144721,4.628,0.67,67,reviewed
us7000e54q,"159 km ESE of Iquique, Chile",Chile,"2021-05-21 18:05:37","2021-07-31 22:08:06",2021,5,21,Friday,4.2,strong,mb,104.27,deep,-68.8306,-20.9452,earthquake,0,",us,",us,NULL,1,2,0,",dyfi,origin,phase-data,",272,7000e54q,",us7000e54q,",45.59407818144721,0.621,0.87,90,reviewed
us7000e54r,"Southern Qinghai, China",China,"2021-05-21 18:04:14","2025-12-22 18:00:57",2021,5,21,Friday,7.3,destructive,mww,10,shallow,98.2513,34.5983,earthquake,0,",us,usauto,pt,at,iscgem,",us,orange,28,9.1,8.931,",dyfi,finite-fault,general-text,ground-failure,impact-text,internal-moment-tensor,internal-origin,losspager,moment-tensor,origin,phase-data,shakemap,",1025,7000e54r,",us7000e54r,usauto7000e54r,pt21141001,at00qtgy75,iscgem620437814,",45.59407818144721,4.655,0.77,9,reviewed
us7000e54p,"13 km NNE of Dali, China",China,"2021-05-21 17:50:19","2021-07-31 22:08:06",2021,5,21,Friday,4.2,strong,mb,10,shallow,100.2762,25.689,earthquake,0,",us,",us,NULL,0,0,0,",origin,phase-data,",271,7000e54p,",us7000e54p,",45.59407818144721,4.428,0.67,70,reviewed
us6000ef37,"189 km N of Saipan, Northern Mariana Islands","Northern Mariana Islands","2021-05-21 17:49:11","2021-07-31 22:08:06",2021,5,21,Friday,4.3,strong,mb,10,shallow,145.4211,16.8971,earthquake,0,",us,",us,NULL,0,0,0,",origin,phase-data,",284,6000ef37,",us6000ef37,",45.59407818144721,3.331,0.88,154,reviewed
us6000ef38,"67 km ESE of Xunchang, China",China,"2021-05-21 17:38:05","2021-07-31 22:08:05",2021,5,21,Friday,4.3,strong,mb,10,shallow,105.3272,28.1796,earthquake,0,",us,",us,NULL,0,0,0,",origin,phase-data,",284,6000ef38,",us6000ef38,",45.59407818144721,4.198,0.73,119,reviewed
us7000e54e,"17 km WNW of Dali, China",China,"2021-05-21 17:36:08","2021-07-31 22:08:05",2021,5,21,Friday,4.3,strong,mb,10,shallow,100.056,25.6631,earthquake,0,",us,",us,NULL,0,0,0,",origin,phase-data,",284,7000e54e,",us7000e54e,",45.59407818144721,4.378,0.76,75,reviewed
us7000e543,"26 km NW of Dali, China",China,"2021-05-21 16:51:44","2021-07-31 22:08:04",2021,5,21,Friday,4.4,strong,mb,10,shallow,100.0097,25.7324,earthquake,0,",us,",us,NULL,0,0,0,",origin,phase-data,",298,7000e543,",us7000e543,",45.59407818144721,4.443,0.55,78,reviewed
us7000e53x,"Bonin Islands, Japan region","Japan region","2021-05-21 16:47:39","2021-07-31 22:08:04",2021,5,21,Friday,4.9,strong,mb,10,shallow,142.4887,28.8485,earthquake,0,",us,",us,NULL,0,0,0,",origin,phase-data,",369,7000e53x,",us7000e53x,",45.59407818144721,1.766,0.75,136,reviewed
us6000ef33,"161 km ENE of Neiafu, Tonga",Tonga,"2021-05-21 16:27:58","2021-07-31 22:08:04",2021,5,21,Friday,4.6,strong,mb,10,shallow,-172.4937,-18.3135,earthquake,0,",us,",us,NULL,0,0,0,",origin,phase-data,",326,6000ef33,",us6000ef33,",45.59407818144721,4.433,0.95,104,reviewed
us6000ef35,"Carlsberg Ridge","Carlsberg Ridge","2021-05-21 16:22:51","2025-12-22 19:01:54",2021,5,21,Friday,4.5,strong,mb,10,shallow,68.0234,-2.8144,earthquake,0,",iscgem,us,",us,NULL,0,0,0,",origin,phase-data,",312,6000ef35,",iscgem620505127,us6000ef35,",45.59407818144721,5.957,0.88,114,reviewed
us6000ef34,"Carlsberg Ridge","Carlsberg Ridge","2021-05-21 16:19:03","2025-12-22 19:06:48",2021,5,21,Friday,4.7,strong,mb,10,shallow,68.0274,-2.7339,earthquake,0,",iscgem,us,",us,NULL,0,0,0,",origin,phase-data,",340,6000ef34,",iscgem625560536,us6000ef34,",45.59407818144721,6.404,0.46,51,reviewed
us7000e53p,"Carlsberg Ridge","Carlsberg Ridge","2021-05-21 16:02:37","2025-12-22 19:00:47",2021,5,21,Friday,5.8,strong,mww,10,shallow,68.1035,-2.6482,earthquake,0,",usauto,at,us,iscgem,",us,green,0,0,0,",internal-moment-tensor,internal-origin,losspager,moment-tensor,origin,phase-data,shakemap,",518,7000e53p,",usauto7000e53p,at00qtgskc,us7000e53p,iscgem620436011,",45.59407818144721,5.8,1.01,30,reviewed
us6000ef32,"Carlsberg Ridge","Carlsberg Ridge","2021-05-21 15:45:35","2025-12-22 19:01:53",2021,5,21,Friday,4.3,strong,mb,10,shallow,67.8064,-2.7992,earthquake,0,",iscgem,us,",us,NULL,0,0,0,",origin,phase-data,",284,6000ef32,",iscgem620505122,us6000ef32,",45.59407818144721,6.131,1.2,107,reviewed
us7000e53i,"8 km NNE of Dali, China",China,"2021-05-21 15:23:37","2021-07-31 22:08:02",2021,5,21,Friday,4.5,strong,mb,10,shallow,100.2397,25.6603,earthquake,0,",us,",us,NULL,0,0,0,",origin,phase-data,",312,7000e53i,",us7000e53i,",45.59407818144721,5.576,1.03,101,reviewed
us7000e53h,"southern Mid-Atlantic Ridge","southern Mid-Atlantic Ridge","2021-05-21 15:17:27","2025-12-22 19:00:45",2021,5,21,Friday,5.1,strong,mb,10,shallow,-9.8439,-49.3128,earthquake,0,",iscgem,us,",us,NULL,0,0,0,",origin,phase-data,",400,7000e53h,",iscgem620436010,us7000e53h,",45.59407818144721,17.162,0.94,115,reviewed
us6000ef3n,"41 km ESE of Dali, China",China,"2021-05-21 14:52:07","2021-07-31 22:08:02",2021,5,21,Friday,4.1,strong,mb,10,shallow,100.6098,25.4865,earthquake,0,",us,",us,NULL,1,0,0,",dyfi,origin,phase-data,",259,6000ef3n,",us6000ef3n,",45.59407818144721,4.285,0.56,142,reviewed
us7000e53a,"24 km WNW of Dali, China",China,"2021-05-21 14:31:12","2025-12-22 19:00:41",2021,5,21,Friday,5.1,strong,mww,10,shallow,99.9907,25.6815,earthquake,0,",us,usauto,iscgem,",us,NULL,1,4.6,0,",dyfi,internal-moment-tensor,moment-tensor,origin,phase-data,",401,7000e53a,",us7000e53a,usauto7000e53a,iscgem620435991,",45.59407818144721,4.391,0.9,44,reviewed
us6000ef2y,"southeast of the Loyalty Islands","southeast of the Loyalty Islands","2021-05-21 14:09:07","2021-07-31 22:08:01",2021,5,21,Friday,4.4,strong,mb,10,shallow,172.0663,-22.427,earthquake,0,",us,",us,NULL,0,0,0,",origin,phase-data,",298,6000ef2y,",us6000ef2y,",45.59407818144721,4.275,1.17,263,reviewed
us6000ef3k,"Izu Islands, Japan region","Japan region","2021-05-21 14:08:36","2021-07-31 22:08:01",2021,5,21,Friday,4.3,strong,mb,10,shallow,142.8405,29.1734,earthquake,0,",us,",us,NULL,0,0,0,",origin,phase-data,",284,6000ef3k,",us6000ef3k,",45.59407818144721,2.149,0.93,217,reviewed
us6000ef2u,"179 km N of Colonia, Micronesia",Micronesia,"2021-05-21 13:59:34","2021-07-31 22:08:01",2021,5,21,Friday,4.5,strong,mb,10,shallow,138.066,11.1357,earthquake,0,",us,",us,NULL,0,0,0,",origin,phase-data,",312,6000ef2u,",us6000ef2u,",45.59407818144721,7.079,0.46,118,reviewed
us6000ef3f,"29 km NNW of Dali, China",China,"2021-05-21 13:56:41","2021-07-31 22:08:01",2021,5,21,Friday,5,strong,mb,10,shallow,100.1301,25.838,earthquake,0,",us,",us,NULL,0,0,0,",origin,phase-data,",385,6000ef3f,",us6000ef3f,",45.59407818144721,4.558,0.61,55,reviewed
us6000ef2w,"32 km NW of Dali, China",China,"2021-05-21 13:55:32","2021-07-31 22:08:00",2021,5,21,Friday,5,strong,mb,10,shallow,100.0176,25.8236,earthquake,0,",us,",us,NULL,1,0,0,",dyfi,origin,phase-data,",385,6000ef2w,",us6000ef2w,",45.59407818144721,4.534,0.71,83,reviewed
us7000e532,"25 km NW of Dali, China",China,"2021-05-21 13:48:37","2025-12-22 19:07:07",2021,5,21,Friday,6.1,destructive,mww,9,shallow,100.0082,25.7274,earthquake,0,",us,usauto,pt,at,iscgem,",us,orange,21,7.9,8.456,",dyfi,general-text,ground-failure,impact-text,internal-moment-tensor,internal-origin,losspager,moment-tensor,origin,phase-data,shakemap,",1017,7000e532,",us7000e532,usauto7000e532,pt21141000,at00qtgmd3,iscgem625916004,",45.59407818144721,4.438,0.93,17,reviewed
us6000ef4u,"21 km W of Dali, China",China,"2021-05-21 13:22:00","2021-07-31 22:07:59",2021,5,21,Friday,5.1,strong,mb,10,shallow,99.9993,25.5476,earthquake,0,",us,",us,NULL,0,0,0,",origin,phase-data,",400,6000ef4u,",us6000ef4u,",45.59407818144721,22.746,0.63,80,reviewed
us7000e524,"22 km WNW of Dali, China",China,"2021-05-21 13:21:27","2025-12-22 19:00:44",2021,5,21,Friday,5.2,strong,mww,10,shallow,100.0183,25.6924,earthquake,0,",us,usauto,iscgem,",us,NULL,2,3.6,0,",dyfi,internal-moment-tensor,moment-tensor,origin,phase-data,",417,7000e524,",us7000e524,usauto7000e524,iscgem620436003,",45.59407818144721,4.404,0.8,21,reviewed
us7000e51e,"Bonin Islands, Japan region","Japan region","2021-05-21 12:58:18","2025-12-22 19:00:43",2021,5,21,Friday,5,strong,mww,10,shallow,142.599,28.9216,earthquake,0,",iscgem,us,",us,NULL,0,0,0,",origin,phase-data,",385,7000e51e,",iscgem620436002,us7000e51e,",45.59407818144721,1.855,0.53,88,reviewed
us7000e51a,"23 km WNW of Dali, China",China,"2021-05-21 12:56:05","2021-07-31 22:07:58",2021,5,21,Friday,4.6,strong,mb,10,shallow,99.9889,25.6579,earthquake,0,",us,",us,NULL,1,7.6,0,",dyfi,origin,phase-data,",326,7000e51a,",us7000e51a,",45.59407818144721,4.367,0.59,77,reviewed
us7000e50p,"33 km SSW of Sumberpucung, Indonesia",Indonesia,"2021-05-21 12:09:23","2025-12-22 19:00:42",2021,5,21,Friday,5.8,strong,mww,106,deep,112.332,-8.4206,earthquake,0,",us,usauto,iscgem,",us,green,40,4.7,4.147,",dyfi,impact-text,internal-moment-tensor,losspager,moment-tensor,origin,phase-data,shakemap,",536,7000e50p,",us7000e50p,usauto7000e50p,iscgem620435998,",45.59407818144721,1.801,0.65,23,reviewed
us7000e50n,"19 km N of Bandar-e Gen?veh, Iran",Iran,"2021-05-21 11:52:17","2021-07-31 22:07:58",2021,5,21,Friday,5,strong,mww,10,shallow,50.5448,29.7548,earthquake,0,",us,",us,NULL,4,7.8,0,",dyfi,origin,phase-data,",388,7000e50n,",us7000e50n,",45.59407818144721,3.644,0.49,33,reviewed
us7000e50k,"232 km E of Levuka, Fiji",Fiji,"2021-05-21 11:31:00","2021-07-31 22:07:57",2021,5,21,Friday,4.3,strong,mb,587.59,deep,-178.4915,-17.979,earthquake,0,",us,",us,NULL,0,0,0,",origin,phase-data,",284,7000e50k,",us7000e50k,",45.59407818144721,3.299,0.55,122,reviewed
us6000ef2q,"30 km NE of Al Hoceïma, Morocco",Morocco,"2021-05-21 11:10:55","2021-07-31 22:07:57",2021,5,21,Friday,4.4,strong,mb,10,shallow,-3.6628,35.4151,earthquake,0,",us,",us,NULL,0,0,0,",origin,phase-data,",298,6000ef2q,",us6000ef2q,",45.59407818144721,2.314,0.54,82,reviewed
us7000e50j,"Volcano Islands, Japan region","Japan region","2021-05-21 10:50:27","2021-07-31 22:07:57",2021,5,21,Friday,4.3,strong,mb,173.24,deep,142.7851,22.5113,earthquake,0,",us,",us,NULL,0,0,0,",origin,phase-data,",284,7000e50j,",us7000e50j,",45.59407818144721,4.597,0.53,97,reviewed
us7000e50e,"Kermadec Islands region","Kermadec Islands region","2021-05-21 10:37:11","2021-07-31 22:07:57",2021,5,21,Friday,5,strong,mb,60.71,shallow,-177.3257,-28.1336,earthquake,0,",us,",us,NULL,0,0,0,",origin,phase-data,",385,7000e50e,",us7000e50e,",45.59407818144721,1.227,0.51,57,reviewed
us6000ef31,"203 km SSW of Nikolski, Alaska",Alaska,"2021-05-21 10:20:11","2021-07-31 22:07:56",2021,5,21,Friday,3.4,strong,mb,10,shallow,-170.4788,51.4075,earthquake,0,",us,",us,NULL,0,0,0,",origin,phase-data,",178,6000ef31,",us6000ef31,",45.59407818144721,1.457,0.57,220,reviewed
us7000e50b,"57 km SW of Masachapa, Nicaragua",Nicaragua,"2021-05-21 10:08:08","2022-08-09 05:10:26",2021,5,21,Friday,4.3,strong,mb,25.54,shallow,-86.9399,11.4745,earthquake,0,",us,",us,NULL,2,3.8,0,",dyfi,origin,phase-data,",285,7000e50b,",us7000e50b,",45.59407818144721,0.952,0.61,185,reviewed
us6000ef2m,"Pagan region, Northern Mariana Islands","Northern Mariana Islands","2021-05-21 10:06:27","2021-07-31 22:07:55",2021,5,21,Friday,4.1,strong,mb,396.4,deep,145.2572,18.2075,earthquake,0,",us,",us,NULL,0,0,0,",origin,phase-data,",259,6000ef2m,",us6000ef2m,",45.59407818144721,4.607,0.48,146,reviewed
us6000ef2l,"63 km SE of Hasaki, Japan",Japan,"2021-05-21 09:08:17","2021-07-31 22:07:55",2021,5,21,Friday,4.3,strong,mb,10,shallow,141.3662,35.3608,earthquake,0,",us,",us,NULL,0,0,0,",origin,phase-data,",284,6000ef2l,",us6000ef2l,",45.59407818144721,2.582,0.42,139,reviewed
us6000ef2k,"210 km S of Mata-Utu, Wallis and Futuna","Wallis and Futuna","2021-05-21 08:57:24","2021-07-31 22:07:54",2021,5,21,Friday,4.5,strong,mb,10,shallow,-176.1312,-15.1828,earthquake,0,",us,",us,NULL,0,0,0,",origin,phase-data,",312,6000ef2k,",us6000ef2k,",45.59407818144721,2.112,0.45,110,reviewed
ak0216hbqkec,"86 km ESE of Halibut Cove, Alaska",Alaska,"2021-05-21 08:33:40","2021-07-31 22:07:54",2021,5,21,Friday,3,strong,ml,36.7,shallow,-149.8647,59.2394,earthquake,0,",us,ak,",ak,NULL,0,0,0,",origin,phase-data,",138,0216hbqkec,",us7000e4zq,ak0216hbqkec,",45.59407818144721,3.184254625848399,0.81,121.80208981074368,automatic
us6000ef2i,"116 km WNW of Panguna, Papua New Guinea","Papua New Guinea","2021-05-21 06:40:19","2021-07-31 22:07:54",2021,5,21,Friday,4.5,strong,mb,10,shallow,154.4803,-5.9874,earthquake,0,",us,",us,NULL,0,0,0,",origin,phase-data,",312,6000ef2i,",us6000ef2i,",45.59407818144721,2.916,0.73,100,reviewed
us6000ef2j,"central Mid-Atlantic Ridge","central Mid-Atlantic Ridge","2021-05-21 06:35:53","2021-07-31 22:07:53",2021,5,21,Friday,4.6,strong,mb,10,shallow,-20.0379,-0.5982,earthquake,0,",us,",us,NULL,0,0,0,",origin,phase-data,",326,6000ef2j,",us6000ef2j,",45.59407818144721,9.225,0.76,69,reviewed
iscgem620505071,"southeast of Easter Island","southeast of Easter Island","2021-05-21 06:01:37","2025-12-22 19:01:51",2021,5,21,Friday,5.07,strong,mw,10,shallow,-103.793,-35.768,earthquake,0,",iscgem,",iscgem,NULL,0,0,0,",origin,",395,620505071,",iscgem620505071,",45.59407818144721,3.184254625848399,0.6550319084130647,121.80208981074368,reviewed
pr2021141001,"50 km NNE of Punta Cana, Dominican Republic","Dominican Republic","2021-05-21 05:53:19","2021-07-31 22:07:53",2021,5,21,Friday,3.38,strong,md,55,shallow,-68.2256,19.0026,earthquake,0,",us,pr,",pr,NULL,0,0,0,",origin,phase-data,",176,2021141001,",us7000e4zj,pr2021141001,",18,0.5129,0.22,180,reviewed
us6000ef2h,"Izu Islands, Japan region","Japan region","2021-05-21 05:45:50","2021-07-31 22:07:53",2021,5,21,Friday,4.2,strong,mb,10,shallow,140.7098,30.7082,earthquake,0,",us,",us,NULL,0,0,0,",origin,phase-data,",271,6000ef2h,",us6000ef2h,",45.59407818144721,2.518,0.41,123,reviewed
us6000ef2n,"central Mid-Atlantic Ridge","central Mid-Atlantic Ridge","2021-05-21 05:19:18","2021-07-31 22:07:52",2021,5,21,Friday,4.3,strong,mb,10,shallow,-28.3531,0.8269,earthquake,0,",us,",us,NULL,0,0,0,",origin,phase-data,",284,6000ef2n,",us6000ef2n,",45.59407818144721,10.024,0.72,153,reviewed
us7000e4z2,"Kuril Islands","Kuril Islands","2021-05-21 05:01:27","2021-07-31 22:07:52",2021,5,21,Friday,4.9,strong,mb,67.91,shallow,148.2276,44.5604,earthquake,0,",us,",us,NULL,0,0,0,",origin,phase-data,",369,7000e4z2,",us7000e4z2,",45.59407818144721,4.066,0.58,129,reviewed
us6000ef2f,"74 km SE of Honiara, Solomon Islands","Solomon Islands","2021-05-21 04:00:19","2021-07-31 22:07:51",2021,5,21,Friday,5.1,strong,mb,15.61,shallow,160.4793,-9.8513,earthquake,0,",us,",us,NULL,0,0,0,",origin,phase-data,",400,6000ef2f,",us6000ef2f,",45.59407818144721,0.665,0.59,70,reviewed
us7000e4yr,"25 km SE of Vanimo, Papua New Guinea","Papua New Guinea","2021-05-21 03:52:16","2021-07-31 22:07:51",2021,5,21,Friday,5,strong,mb,10,shallow,141.4732,-2.8358,earthquake,0,",us,",us,NULL,0,0,0,",origin,phase-data,",385,7000e4yr,",us7000e4yr,",45.59407818144721,0.831,0.72,59,reviewed
us6000ef2e,"west of the Galapagos Islands","west of the Galapagos Islands","2021-05-21 03:08:15","2021-07-31 22:07:51",2021,5,21,Friday,4.5,strong,mb,10,shallow,-97.3796,2.2371,earthquake,0,",us,",us,NULL,0,0,0,",origin,phase-data,",312,6000ef2e,",us6000ef2e,",45.59407818144721,23.158,0.89,111,reviewed
us7000e4yk,"67 km SW of Puerto El Triunfo, El Salvador","El Salvador","2021-05-21 03:04:08","2021-07-31 22:07:51",2021,5,21,Friday,4.4,strong,mb,35,shallow,-88.9088,12.7854,earthquake,0,",us,",us,NULL,0,0,0,",origin,phase-data,",298,7000e4yk,",us7000e4yk,",45.59407818144721,0.887,1.2,161,reviewed
us6000ef2d,"32 km W of Finschhafen, Papua New Guinea","Papua New Guinea","2021-05-21 02:48:18","2021-07-31 22:07:50",2021,5,21,Friday,4.1,strong,mb,50.62,shallow,147.5538,-6.5071,earthquake,0,",us,",us,NULL,0,0,0,",origin,phase-data,",259,6000ef2d,",us6000ef2d,",45.59407818144721,4.438,0.92,107,reviewed
us7000e4yj,"74 km NNW of Finschhafen, Papua New Guinea","Papua New Guinea","2021-05-21 02:38:24","2025-12-22 19:00:39",2021,5,21,Friday,4.9,strong,mb,101.36,deep,147.5786,-5.9363,earthquake,0,",us,iscgem,",us,NULL,1,2,0,",dyfi,origin,phase-data,",370,7000e4yj,",us7000e4yj,iscgem620435500,",45.59407818144721,3.873,0.77,42,reviewed
us7000e4yd,"74 km SE of Honiara, Solomon Islands","Solomon Islands","2021-05-21 01:37:36","2025-12-22 19:01:40",2021,5,21,Friday,5.4,strong,mww,16.49,shallow,160.4458,-9.8891,earthquake,0,",us,usauto,iscgem,",us,green,6,8.8,5.571,",dyfi,internal-moment-tensor,losspager,moment-tensor,origin,phase-data,shakemap,",454,7000e4yd,",us7000e4yd,usauto7000e4yd,iscgem620488939,",45.59407818144721,0.664,1.04,43,reviewed
hv72477552,"6 km E of P?hala, Hawaii",Hawaii,"2021-05-21 01:20:56","2021-07-31 22:07:49",2021,5,21,Friday,3.21,strong,ml,34.37,shallow,-155.416166666667,19.2141666666667,earthquake,0,",hv,us,",hv,NULL,0,1,4.049,",dyfi,origin,phase-data,shakemap,",159,72477552,",hv72477552,us7000e4y0,",61,3.184254625848399,0.12,142,reviewed
us7000e4ye,"Fiji region","Fiji region","2021-05-21 01:19:41","2021-07-31 22:07:49",2021,5,21,Friday,4.2,strong,mb,628.06,deep,-177.5873,-18.6482,earthquake,0,",us,",us,NULL,0,0,0,",origin,phase-data,",271,7000e4ye,",us7000e4ye,",45.59407818144721,4.24,0.92,133,reviewed
us7000e4yb,"33 km SSW of Unalaska, Alaska",Alaska,"2021-05-21 01:05:52","2021-07-31 22:07:48",2021,5,21,Friday,3.7,strong,mb,77.36,deep,-166.7955,53.6171,earthquake,0,",ak,us,",us,NULL,0,0,0,",origin,phase-data,",211,7000e4yb,",ak0216h7ejtv,us7000e4yb,",45.59407818144721,0.183,0.47,169,reviewed
us7000e4xs,"southeast of the Loyalty Islands","southeast of the Loyalty Islands","2021-05-21 00:40:18","2021-07-31 22:07:48",2021,5,21,Friday,4.9,strong,mb,10,shallow,171.7149,-23.2459,earthquake,0,",us,",us,NULL,0,0,0,",origin,phase-data,",369,7000e4xs,",us7000e4xs,",45.59407818144721,3.985,0.59,49,reviewed
us6000eeuk,"Mid-Indian Ridge","Mid-Indian Ridge","2021-05-20 22:25:39","2025-12-22 19:01:44",2021,5,20,Thursday,4.9,strong,mb,10,shallow,77.8786,-33.4429,earthquake,0,",iscgem,us,",us,NULL,0,0,0,",origin,phase-data,",369,6000eeuk,",iscgem620489244,us6000eeuk,",45.59407818144721,35.302,0.59,56,reviewed
us6000eeuj,"6 km SW of Kuroiso, Japan",Japan,"2021-05-20 22:16:10","2021-07-24 21:08:41",2021,5,20,Thursday,4.2,strong,mb,35,shallow,139.9959,36.9228,earthquake,0,",us,",us,NULL,0,0,0,",origin,phase-data,",271,6000eeuj,",us6000eeuj,",45.59407818144721,1.487,1.1,152,reviewed
us7000e4wg,"126 km SSW of Kokopo, Papua New Guinea","Papua New Guinea","2021-05-20 21:42:28","2021-07-24 21:08:41",2021,5,20,Thursday,4.8,strong,mb,45.39,shallow,151.8359,-5.403,earthquake,0,",us,",us,NULL,0,0,0,",origin,phase-data,",354,7000e4wg,",us7000e4wg,",45.59407818144721,1.247,0.7,58,reviewed
us7000e4w5,"78 km ESE of ‘Ohonua, Tonga",Tonga,"2021-05-20 21:03:32","2021-07-24 21:08:41",2021,5,20,Thursday,4.8,strong,mb,10,shallow,-174.208,-21.4864,earthquake,0,",us,",us,NULL,0,0,0,",origin,phase-data,",354,7000e4w5,",us7000e4w5,",45.59407818144721,17.047,0.54,148,reviewed
us7000e4w3,"West Chile Rise","West Chile Rise","2021-05-20 21:01:28","2025-12-22 18:00:56",2021,5,20,Thursday,5,strong,mb,10,shallow,-96.3368,-36.7269,earthquake,0,",iscgem,us,",us,NULL,0,0,0,",origin,phase-data,",385,7000e4w3,",iscgem620433908,us7000e4w3,",45.59407818144721,19.745,0.7,49,reviewed
us7000e4w1,"Kuril Islands","Kuril Islands","2021-05-20 20:21:30","2021-07-24 21:08:40",2021,5,20,Thursday,4.5,strong,mb,67.61,shallow,153.5462,47.4463,earthquake,0,",us,",us,NULL,0,0,0,",origin,phase-data,",312,7000e4w1,",us7000e4w1,",45.59407818144721,6.261,1.11,82,reviewed
pr2021140008,"52 km NNE of Cruz Bay, U.S. Virgin Islands","U.S. Virgin Islands","2021-05-20 20:05:25","2021-07-24 21:08:40",2021,5,20,Thursday,3.56,strong,md,7,shallow,-64.6446,18.7795,earthquake,0,",us,pr,",pr,NULL,0,0,0,",origin,phase-data,",195,2021140008,",us7000e4ve,pr2021140008,",11,1.3625,0.24,329,reviewed
us6000eeum,"South Sandwich Islands region","South Sandwich Islands region","2021-05-20 19:49:56","2021-07-24 21:08:39",2021,5,20,Thursday,4.5,strong,mb,10,shallow,-29.5008,-55.5091,earthquake,0,",us,",us,NULL,0,0,0,",origin,phase-data,",312,6000eeum,",us6000eeum,",45.59407818144721,4.216,0.48,173,reviewed
us6000eeug,"172 km WNW of Hihifo, Tonga",Tonga,"2021-05-20 19:35:03","2021-07-24 21:08:39",2021,5,20,Thursday,4.4,strong,mb,368.86,deep,-175.2786,-15.3522,earthquake,0,",us,",us,NULL,0,0,0,",origin,phase-data,",298,6000eeug,",us6000eeug,",45.59407818144721,3.675,1.1,113,reviewed
us7000e4xf,"75 km WSW of Adak, Alaska",Alaska,"2021-05-20 19:24:19","2021-07-24 21:08:39",2021,5,20,Thursday,3.9,strong,ml,67.93,shallow,-177.5885,51.5436,earthquake,0,",ak,us,",us,NULL,0,0,0,",origin,phase-data,",234,7000e4xf,",ak0216fup0d9,us7000e4xf,",45.59407818144721,0.287,0.17,201,reviewed
us6000eeuf,"105 km E of Kokopo, Papua New Guinea","Papua New Guinea","2021-05-20 19:18:39","2021-07-24 21:08:39",2021,5,20,Thursday,4.4,strong,mb,47.86,shallow,153.2055,-4.1939,earthquake,0,",us,",us,NULL,0,0,0,",origin,phase-data,",298,6000eeuf,",us6000eeuf,",45.59407818144721,1.039,0.58,112,reviewed
us7000e4ur,"49 km ENE of Calama, Chile",Chile,"2021-05-20 18:27:55","2025-12-22 19:00:38",2021,5,20,Thursday,5.2,strong,mww,114.75,deep,-68.5197,-22.209,earthquake,0,",us,usauto,iscgem,",us,NULL,2,2.7,0,",dyfi,internal-moment-tensor,origin,phase-data,",417,7000e4ur,",us7000e4ur,usauto7000e4ur,iscgem620433898,",45.59407818144721,0.803,1.06,37,reviewed
us7000e4uq,"84 km NW of Kirakira, Solomon Islands","Solomon Islands","2021-05-20 18:19:01","2022-08-09 05:09:05",2021,5,20,Thursday,4.8,strong,mb,83.49,deep,161.3642,-9.9273,earthquake,0,",us,",us,NULL,2,6.6,0,",dyfi,origin,phase-data,",356,7000e4uq,",us7000e4uq,",45.59407818144721,1.478,0.81,65,reviewed
us7000e4xd,"115 km S of Sand Point, Alaska",Alaska,"2021-05-20 17:53:33","2021-07-24 21:08:37",2021,5,20,Thursday,3.2,strong,ml,7.22,shallow,-160.8331,54.3205,earthquake,0,",ak,us,",us,NULL,0,0,0,",origin,phase-data,",158,7000e4xd,",ak0216ftoe03,us7000e4xd,",45.59407818144721,0.886,0.82,203,reviewed
us7000e4u7,"New Britain region, Papua New Guinea","Papua New Guinea","2021-05-20 17:15:39","2025-12-22 19:00:37",2021,5,20,Thursday,4.9,strong,mb,10,shallow,151.2837,-6.234,earthquake,0,",iscgem,us,",us,NULL,0,0,0,",origin,phase-data,",369,7000e4u7,",iscgem620429349,us7000e4u7,",45.59407818144721,2.052,0.86,83,reviewed
us7000e4u0,"Crozet Islands region","Crozet Islands region","2021-05-20 17:05:18","2025-12-22 19:00:36",2021,5,20,Thursday,5.7,strong,mww,10,shallow,44.2233,-41.0482,earthquake,0,",us,usauto,iscgem,",us,green,1,1,0,",dyfi,internal-moment-tensor,losspager,moment-tensor,origin,phase-data,shakemap,",500,7000e4u0,",us7000e4u0,usauto7000e4u0,iscgem620429347,",45.59407818144721,7.712,1,35,reviewed
us7000e4tz,"24 km NNE of Santa Monica, Philippines",Philippines,"2021-05-20 17:00:54","2021-07-24 21:08:36",2021,5,20,Thursday,4.6,strong,mb,57.24,shallow,126.138,10.2141,earthquake,0,",us,",us,NULL,0,0,0,",origin,phase-data,",326,7000e4tz,",us7000e4tz,",45.59407818144721,3.172,0.85,103,reviewed
us7000e4tu,"Labrador Sea","Labrador Sea","2021-05-20 16:59:27","2021-07-24 21:08:35",2021,5,20,Thursday,4.5,strong,mb,10,shallow,-54.0406,59.3228,earthquake,0,",us,",us,NULL,0,0,0,",origin,phase-data,",312,7000e4tu,",us7000e4tu,",45.59407818144721,3.481,1.04,54,reviewed
us7000e4sv,"Fiji region","Fiji region","2021-05-20 16:08:52","2021-07-24 21:08:34",2021,5,20,Thursday,4.2,strong,mb,372.28,deep,-176.8663,-17.8102,earthquake,0,",us,",us,NULL,0,0,0,",origin,phase-data,",271,7000e4sv,",us7000e4sv,",45.59407818144721,4.841,0.73,128,reviewed
us7000e4sn,"217 km NE of Lospalos, Timor Leste","Timor Leste","2021-05-20 15:27:10","2021-07-24 21:08:34",2021,5,20,Thursday,4.9,strong,mb,163.58,deep,128.622,-7.4027,earthquake,0,",us,",us,NULL,0,0,0,",origin,phase-data,",369,7000e4sn,",us7000e4sn,",45.59407818144721,2.714,0.85,34,reviewed
pr2021140005,"63 km NNE of Otra Banda, Dominican Republic","Dominican Republic","2021-05-20 14:49:13","2021-07-24 21:08:33",2021,5,20,Thursday,3.34,strong,md,37,shallow,-68.3783,19.1513,earthquake,0,",us,pr,",pr,NULL,0,0,0,",origin,phase-data,",172,2021140005,",us7000e4t0,pr2021140005,",14,0.6374,0.65,260,reviewed
us7000e4qz,"52 km S of San Francisco del Mar Viejo, Mexico",Mexico,"2021-05-20 11:29:53","2021-07-24 21:08:33",2021,5,20,Thursday,4.3,strong,mb,56.99,shallow,-94.6223,15.7613,earthquake,0,",us,",us,NULL,2,6.1,0,",dyfi,origin,phase-data,",286,7000e4qz,",us7000e4qz,",45.59407818144721,1.345,1.13,131,reviewed
us7000e4qn,"191 km N of Likisá, Timor Leste","Timor Leste","2021-05-20 09:28:43","2021-07-24 21:08:33",2021,5,20,Thursday,4.5,strong,mb,551.99,deep,125.0565,-6.8765,earthquake,0,",us,",us,NULL,0,0,0,",origin,phase-data,",312,7000e4qn,",us7000e4qn,",45.59407818144721,2.965,0.85,38,reviewed
us7000e4qj,"52 km S of Pondaguitan, Philippines",Philippines,"2021-05-20 09:18:09","2021-07-24 21:08:32",2021,5,20,Thursday,4.6,strong,mb,97.73,deep,126.2085,5.8895,earthquake,0,",us,",us,NULL,0,0,0,",origin,phase-data,",326,7000e4qj,",us7000e4qj,",45.59407818144721,1.328,0.85,103,reviewed
us6000eeu3,"23 km S of Khorugh, Tajikistan",Tajikistan,"2021-05-20 08:09:23","2021-07-24 21:08:31",2021,5,20,Thursday,4.1,strong,mb,123.28,deep,71.5065,37.2841,earthquake,0,",us,",us,NULL,0,0,0,",origin,phase-data,",259,6000eeu3,",us6000eeu3,",45.59407818144721,0.759,0.68,112,reviewed
us6000eeu2,"130 km W of Ternate, Indonesia",Indonesia,"2021-05-20 08:02:30","2021-07-24 21:08:31",2021,5,20,Thursday,4.6,strong,mb,10.54,shallow,126.2287,1.0122,earthquake,0,",us,",us,NULL,0,0,0,",origin,phase-data,",326,6000eeu2,",us6000eeu2,",45.59407818144721,1.162,0.78,87,reviewed
us6000eeub,"southwest of Africa","southwest of Africa","2021-05-20 07:37:15","2021-07-24 21:08:31",2021,5,20,Thursday,4.2,strong,mb,10,shallow,13.2037,-52.4771,earthquake,0,",us,",us,NULL,0,0,0,",origin,phase-data,",271,6000eeub,",us6000eeub,",45.59407818144721,20.534,0.49,96,reviewed
us7000e4nu,"103 km WNW of San Antonio de los Cobres, Argentina",Argentina,"2021-05-20 07:32:29","2021-07-24 21:08:30",2021,5,20,Thursday,4.5,strong,mb,225.3,deep,-67.174,-23.7203,earthquake,0,",us,",us,NULL,1,1,0,",dyfi,origin,phase-data,",312,7000e4nu,",us7000e4nu,",45.59407818144721,1.199,0.52,97,reviewed
us7000e4nr,"11 km NNE of Calama, Chile",Chile,"2021-05-20 07:13:31","2021-07-24 21:08:30",2021,5,20,Thursday,4,strong,mb,112.97,deep,-68.8987,-22.3566,earthquake,0,",us,",us,NULL,0,0,0,",origin,phase-data,",246,7000e4nr,",us7000e4nr,",45.59407818144721,0.712,0.73,66,reviewed
us6000eeur,"southern East Pacific Rise","southern East Pacific Rise","2021-05-20 06:59:25","2021-07-24 21:08:30",2021,5,20,Thursday,4.9,strong,mb,10,shallow,-110.8595,-36.6068,earthquake,0,",us,",us,NULL,0,0,0,",origin,phase-data,",369,6000eeur,",us6000eeur,",45.59407818144721,30.493,0.44,177,reviewed
us7000e4nf,"52 km W of Rauco, Chile",Chile,"2021-05-20 06:48:35","2021-07-24 21:08:29",2021,5,20,Thursday,4,strong,mb,43.41,shallow,-71.8885,-34.9018,earthquake,0,",us,",us,NULL,0,0,0,",origin,phase-data,",246,7000e4nf,",us7000e4nf,",45.59407818144721,0.113,0.36,145,reviewed
us7000ease,"46 km SSE of El Carrizal, Mexico",Mexico,"2021-05-20 06:32:40","2021-07-24 21:08:29",2021,5,20,Thursday,4.2,strong,mb,13.34,shallow,-95.2951,15.6567,earthquake,0,",us,",us,NULL,0,0,0,",origin,phase-data,",271,7000ease,",us7000ease,",45.59407818144721,0.791,0.57,171,reviewed
us7000e4nd,"111 km ENE of ‘Ohonua, Tonga",Tonga,"2021-05-20 06:24:18","2025-12-22 19:00:35",2021,5,20,Thursday,5,strong,mww,10,shallow,-173.9245,-21.0329,earthquake,0,",iscgem,us,",us,NULL,0,0,0,",origin,phase-data,",385,7000e4nd,",iscgem620428149,us7000e4nd,",45.59407818144721,7.373,0.5,84,reviewed
us6000eetz,"southern Mid-Atlantic Ridge","southern Mid-Atlantic Ridge","2021-05-20 06:15:26","2021-07-24 21:08:29",2021,5,20,Thursday,4.7,strong,mb,10,shallow,-13.9199,-14.0414,earthquake,0,",us,",us,NULL,0,0,0,",origin,phase-data,",340,6000eetz,",us6000eetz,",45.59407818144721,6.086,0.4,71,reviewed
pr2021140002,"19 km SSE of La Parguera, Puerto Rico","Puerto Rico","2021-05-20 06:13:31","2021-07-24 21:08:28",2021,5,20,Thursday,3.02,strong,md,16,shallow,-66.9966,17.8043,earthquake,0,",us,pr,",pr,NULL,0,0,0,",origin,phase-data,",140,2021140002,",us7000e4n9,pr2021140002,",19,0.2315,0.19,253,reviewed
us6000eetw,"34 km SSW of Dompu, Indonesia",Indonesia,"2021-05-20 04:07:21","2021-07-24 21:08:28",2021,5,20,Thursday,4.8,strong,mb,92.22,deep,118.3918,-8.8421,earthquake,0,",us,",us,NULL,0,0,0,",origin,phase-data,",354,6000eetw,",us6000eetw,",45.59407818144721,3.807,0.71,116,reviewed
us6000eetv,"34 km ENE of Port-Olry, Vanuatu",Vanuatu,"2021-05-20 03:46:11","2021-07-24 21:08:27",2021,5,20,Thursday,4.5,strong,mb,110.73,deep,167.3861,-14.9573,earthquake,0,",us,",us,NULL,0,0,0,",origin,phase-data,",312,6000eetv,",us6000eetv,",45.59407818144721,0.518,0.47,114,reviewed
nn00807638,"33 km SE of Mina, Nevada",Nevada,"2021-05-20 03:43:52","2021-07-24 21:08:27",2021,5,20,Thursday,4,strong,ml,8.9,shallow,-117.8509,38.1634,earthquake,0,",nn,us,",nn,NULL,4,3.4,3.788,",dyfi,moment-tensor,origin,phase-data,shakemap,",248,00807638,",nn00807638,us7000e4mh,",28,0.016,0.112,47.44,reviewed
us6000eeuq,"225 km ENE of Port Mathurin, Mauritius",Mauritius,"2021-05-20 03:42:17","2021-07-24 21:08:27",2021,5,20,Thursday,4.5,strong,mb,10,shallow,65.3295,-18.7569,earthquake,0,",us,",us,NULL,0,0,0,",origin,phase-data,",312,6000eeuq,",us6000eeuq,",45.59407818144721,2.1,0.84,87,reviewed
us6000eeu5,"122 km WSW of Adak, Alaska",Alaska,"2021-05-20 03:05:08","2021-07-24 21:08:27",2021,5,20,Thursday,4.2,strong,mb,35,shallow,-178.3124,51.516,earthquake,0,",us,",us,NULL,0,0,0,",origin,phase-data,",271,6000eeu5,",us6000eeu5,",45.59407818144721,0.432,0.74,232,reviewed
us6000eett,"southeast of the Loyalty Islands","southeast of the Loyalty Islands","2021-05-20 02:09:21","2021-07-24 21:08:26",2021,5,20,Thursday,4.5,strong,mb,10,shallow,171.6477,-22.7972,earthquake,0,",us,",us,NULL,0,0,0,",origin,phase-data,",312,6000eett,",us6000eett,",45.59407818144721,3.883,0.68,120,reviewed
ci39659271,"24km NNE of Trona, CA",CA,"2021-05-20 01:37:23","2021-07-24 21:08:26",2021,5,20,Thursday,3.59,strong,mw,3.04,shallow,-117.3245,35.9748333,earthquake,0,",ci,us,",ci,NULL,14,3.4,4.092,",dyfi,focal-mechanism,nearby-cities,origin,phase-data,scitech-link,shakemap,",203,39659271,",ci39659271,us7000e4lv,",37,0.09013,0.16,64,reviewed
us6000eets,"Kermadec Islands region","Kermadec Islands region","2021-05-20 00:32:48","2021-07-24 21:08:25",2021,5,20,Thursday,4.5,strong,mb,10,shallow,-176.5635,-29.1504,earthquake,0,",us,",us,NULL,0,0,0,",origin,phase-data,",312,6000eets,",us6000eets,",45.59407818144721,1.197,0.52,182,reviewed
us6000eetp,"257 km S of Sinabang, Indonesia",Indonesia,"2021-05-20 00:05:34","2021-07-24 21:08:25",2021,5,20,Thursday,4.3,strong,mb,10,shallow,96.7618,0.1841,earthquake,0,",us,",us,NULL,0,0,0,",origin,phase-data,",284,6000eetp,",us6000eetp,",45.59407818144721,1.378,0.64,206,reviewed
us7000e4le,"147 km SE of Petropavlovsk-Kamchatsky, Russia",Russia,"2021-05-19 23:06:49","2021-07-24 21:08:24",2021,5,19,Wednesday,4.2,strong,mb,35,shallow,160.4501,52.2903,earthquake,0,",us,",us,NULL,0,0,0,",origin,phase-data,",271,7000e4le,",us7000e4le,",45.59407818144721,1.319,1.21,192,reviewed
us7000e657,"255 km NE of Port Mathurin, Mauritius",Mauritius,"2021-05-19 21:38:43","2021-07-24 21:08:24",2021,5,19,Wednesday,4.3,strong,mb,10,shallow,65.4042,-18.3523,earthquake,0,",us,",us,NULL,0,0,0,",origin,phase-data,",284,7000e657,",us7000e657,",45.59407818144721,2.376,0.3,207,reviewed
us7000e656,"125 km NW of Ternate, Indonesia",Indonesia,"2021-05-19 20:59:00","2021-07-24 21:08:24",2021,5,19,Wednesday,4.3,strong,mb,50.14,shallow,126.5925,1.5995,earthquake,0,",us,",us,NULL,0,0,0,",origin,phase-data,",284,7000e656,",us7000e656,",45.59407818144721,1.129,0.59,150,reviewed
us7000e4k4,"49 km E of Hachinohe, Japan",Japan,"2021-05-19 20:27:27","2021-07-24 21:08:24",2021,5,19,Wednesday,4.4,strong,mb,56.03,shallow,142.0843,40.5102,earthquake,0,",us,",us,NULL,0,0,0,",origin,phase-data,",298,7000e4k4,",us7000e4k4,",45.59407818144721,0.824,0.7,126,reviewed
us7000e4k0,"263 km W of Ozernovskiy, Russia",Russia,"2021-05-19 20:15:20","2021-07-24 21:08:23",2021,5,19,Wednesday,4,strong,mb,430.95,deep,152.7638,51.9927,earthquake,0,",us,",us,NULL,0,0,0,",origin,phase-data,",246,7000e4k0,",us7000e4k0,",45.59407818144721,3.213,0.5,118,reviewed
us7000e4jy,"95 km E of Copiapó, Chile",Chile,"2021-05-19 20:11:30","2021-07-24 21:08:23",2021,5,19,Wednesday,4.4,strong,mb,101.49,deep,-69.3757,-27.4894,earthquake,0,",us,",us,NULL,0,0,0,",origin,phase-data,",298,7000e4jy,",us7000e4jy,",45.59407818144721,0.687,0.84,67,reviewed
us7000e654,"142 km NW of Ternate, Indonesia",Indonesia,"2021-05-19 19:58:33","2021-07-24 21:08:23",2021,5,19,Wednesday,4.3,strong,mb,50.89,shallow,126.4721,1.6917,earthquake,0,",us,",us,NULL,0,0,0,",origin,phase-data,",284,7000e654,",us7000e654,",45.59407818144721,1.278,0.82,134,reviewed
us7000e655,"14 km WSW of Siari, Philippines",Philippines,"2021-05-19 19:55:57","2021-07-24 21:08:23",2021,5,19,Wednesday,4.2,strong,mb,31.77,shallow,122.8649,8.2792,earthquake,0,",us,",us,NULL,0,0,0,",origin,phase-data,",271,7000e655,",us7000e655,",45.59407818144721,2.946,0.67,99,reviewed
us7000e653,"119 km W of Ternate, Indonesia",Indonesia,"2021-05-19 19:33:39","2021-07-24 21:08:22",2021,5,19,Wednesday,4.2,strong,mb,47.66,shallow,126.3079,0.7465,earthquake,0,",us,",us,NULL,0,0,0,",origin,phase-data,",271,7000e653,",us7000e653,",45.59407818144721,1.059,0.75,120,reviewed
pr2021139003,"72 km NW of San Antonio, Puerto Rico","Puerto Rico","2021-05-19 19:31:11","2021-05-19 20:37:23",2021,5,19,Wednesday,3.14,strong,md,15,shallow,-67.5165,19.0115,earthquake,0,",pr,",pr,NULL,0,0,0,",origin,phase-data,",152,2021139003,",pr2021139003,",9,0.6282,0.13,303,reviewed
us7000e651,"139 km W of Abepura, Indonesia",Indonesia,"2021-05-19 18:08:33","2021-07-24 21:08:21",2021,5,19,Wednesday,4,strong,mb,16.08,shallow,139.3994,-2.8413,earthquake,0,",us,",us,NULL,0,0,0,",origin,phase-data,",246,7000e651,",us7000e651,",45.59407818144721,1.343,0.95,99,reviewed
us7000e4iz,"18 km N of Dali, China",China,"2021-05-19 17:59:00","2021-07-24 21:08:21",2021,5,19,Wednesday,4.1,strong,mb,10,shallow,100.2228,25.751,earthquake,0,",us,",us,NULL,0,0,0,",origin,phase-data,",259,7000e4iz,",us7000e4iz,",45.59407818144721,4.482,0.87,100,reviewed
us7000e4j2,"southern East Pacific Rise","southern East Pacific Rise","2021-05-19 17:54:36","2025-12-22 19:00:34",2021,5,19,Wednesday,5.7,strong,mww,10,shallow,-110.3969,-36.6871,earthquake,0,",usauto,us,iscgem,",us,green,0,0,0,",internal-moment-tensor,losspager,moment-tensor,origin,phase-data,shakemap,",500,7000e4j2,",usauto7000e4j2,us7000e4j2,iscgem620422521,",45.59407818144721,9.574,1.08,63,reviewed
us7000e650,"200 km SSE of Sarangani, Philippines",Philippines,"2021-05-19 17:28:49","2021-07-24 21:08:20",2021,5,19,Wednesday,4.2,strong,mb,86.4,deep,126.0819,3.6957,earthquake,0,",us,",us,NULL,0,0,0,",origin,phase-data,",271,7000e650,",us7000e650,",45.59407818144721,3.175,0.87,128,reviewed
us7000e65a,"7 km N of Warba, Minnesota",Minnesota,"2021-05-19 17:27:37","2021-07-24 21:08:20",2021,5,19,Wednesday,3,strong,ml,0,shallow,-93.2823,47.1966,"mining explosion",0,",us,",us,NULL,0,0,0,",origin,phase-data,",138,7000e65a,",us7000e65a,",45.59407818144721,1.324,0.94,65,reviewed
us7000e64z,"southeast of the Loyalty Islands","southeast of the Loyalty Islands","2021-05-19 17:03:47","2021-07-24 21:08:20",2021,5,19,Wednesday,4.5,strong,mb,10,shallow,171.4189,-22.9315,earthquake,0,",us,",us,NULL,0,0,0,",origin,phase-data,",312,7000e64z,",us7000e64z,",45.59407818144721,3.68,0.55,215,reviewed
us7000e4ij,"41 km E of Pokhara, Nepal",Nepal,"2021-05-19 16:54:30","2021-07-24 21:08:20",2021,5,19,Wednesday,4.5,strong,mb,10,shallow,84.3876,28.2544,earthquake,0,",us,",us,NULL,1,4.6,0,",dyfi,origin,phase-data,",312,7000e4ij,",us7000e4ij,",45.59407818144721,2.161,0.7,158,reviewed
us7000e4ih,"115 km NNE of Lospalos, Timor Leste","Timor Leste","2021-05-19 16:47:29","2021-07-24 21:08:19",2021,5,19,Wednesday,4.3,strong,mb,171.22,deep,127.4923,-7.5974,earthquake,0,",us,",us,NULL,0,0,0,",origin,phase-data,",284,7000e4ih,",us7000e4ih,",45.59407818144721,3.791,0.81,92,reviewed
us7000e4ig,"66 km SSW of Chirilagua, El Salvador","El Salvador","2021-05-19 16:40:22","2021-07-24 21:08:19",2021,5,19,Wednesday,4.3,strong,mb,59.43,shallow,-88.2667,12.6301,earthquake,0,",us,",us,NULL,0,0,0,",origin,phase-data,",284,7000e4ig,",us7000e4ig,",45.59407818144721,0.835,0.79,165,reviewed
us7000e4im,"south of the Fiji Islands","south of the Fiji Islands","2021-05-19 16:34:47","2021-07-24 21:08:19",2021,5,19,Wednesday,4.4,strong,mb,542.64,deep,179.1428,-23.7574,earthquake,0,",us,",us,NULL,0,0,0,",origin,phase-data,",298,7000e4im,",us7000e4im,",45.59407818144721,6.068,0.91,127,reviewed
us7000e64y,"Kermadec Islands region","Kermadec Islands region","2021-05-19 16:20:30","2021-07-24 21:08:18",2021,5,19,Wednesday,4.6,strong,mb,10,shallow,-176.2429,-28.8151,earthquake,0,",us,",us,NULL,0,0,0,",origin,phase-data,",326,7000e64y,",us7000e64y,",45.59407818144721,1.537,1.08,134,reviewed
us7000e4i7,"southeast Indian Ridge","southeast Indian Ridge","2021-05-19 16:08:28","2025-12-22 19:00:31",2021,5,19,Wednesday,5.5,strong,mww,10,shallow,85.7062,-41.2919,earthquake,0,",usauto,us,iscgem,",us,green,0,0,0,",internal-moment-tensor,losspager,moment-tensor,origin,phase-data,shakemap,",465,7000e4i7,",usauto7000e4i7,us7000e4i7,iscgem620416282,",45.59407818144721,27.487,0.96,60,reviewed
us7000e4i1,"13 km SE of Wright, Wyoming",Wyoming,"2021-05-19 15:59:38","2021-07-24 21:08:18",2021,5,19,Wednesday,3,strong,ml,0,shallow,-105.3691,43.6641,"mining explosion",0,",us,",us,NULL,0,0,0,",origin,phase-data,",138,7000e4i1,",us7000e4i1,",45.59407818144721,1.066,1.09,72,reviewed
us7000e4hv,"53 km W of Kirakira, Solomon Islands","Solomon Islands","2021-05-19 15:24:49","2021-07-24 21:08:17",2021,5,19,Wednesday,4.5,strong,mb,64.08,shallow,161.4427,-10.3774,earthquake,0,",us,",us,NULL,0,0,0,",origin,phase-data,",312,7000e4hv,",us7000e4hv,",45.59407818144721,1.743,0.9,84,reviewed
us7000e4gi,"38 km NW of Colonia Dora, Argentina",Argentina,"2021-05-19 15:06:54","2025-12-22 19:00:30",2021,5,19,Wednesday,5.1,strong,mww,596.07,deep,-63.269,-28.3915,earthquake,0,",us,iscgem,",us,NULL,1,1,0,",dyfi,origin,phase-data,",400,7000e4gi,",us7000e4gi,iscgem620416280,",45.59407818144721,5.368,0.74,26,reviewed
us7000e4fz,"Izu Islands, Japan region","Japan region","2021-05-19 14:19:13","2021-07-24 21:08:17",2021,5,19,Wednesday,4.5,strong,mb,22.19,shallow,142.323,29.1822,earthquake,0,",us,",us,NULL,0,0,0,",origin,phase-data,",312,7000e4fz,",us7000e4fz,",45.59407818144721,2.082,0.5,91,reviewed
us7000e64v,"68 km WSW of Bojn?rd, Iran",Iran,"2021-05-19 13:58:55","2021-07-24 21:08:17",2021,5,19,Wednesday,4.3,strong,mb,10,shallow,56.6454,37.1823,earthquake,0,",us,",us,NULL,0,0,0,",origin,phase-data,",284,7000e64v,",us7000e64v,",45.59407818144721,5.337,0.53,144,reviewed
us7000e4fm,"70 km SW of Atocha, Bolivia",Bolivia,"2021-05-19 13:44:53","2021-07-24 21:08:16",2021,5,19,Wednesday,4.4,strong,mb,225.56,deep,-66.7133,-21.3674,earthquake,0,",us,",us,NULL,0,0,0,",origin,phase-data,",298,7000e4fm,",us7000e4fm,",45.59407818144721,2.081,0.7,87,reviewed
ci39658359,"14km WSW of Delta, B.C., MX",MX,"2021-05-19 13:39:40","2021-07-24 21:08:16",2021,5,19,Wednesday,3.35,strong,ml,10.57,shallow,-115.3355,32.3236667,earthquake,0,",ci,us,",ci,NULL,1,2,3.392,",dyfi,focal-mechanism,nearby-cities,origin,phase-data,scitech-link,shakemap,",173,39658359,",ci39658359,us7000e4fj,",35,0.09898,0.35,78,reviewed
us7000e652,"South Sandwich Islands region","South Sandwich Islands region","2021-05-19 13:22:01","2021-07-24 21:08:16",2021,5,19,Wednesday,4.9,strong,mb,35,shallow,-26.7471,-55.9877,earthquake,0,",us,",us,NULL,0,0,0,",origin,phase-data,",369,7000e652,",us7000e652,",45.59407818144721,17.401,0.69,104,reviewed
us7000e64u,"150 km NNW of Sabang, Indonesia",Indonesia,"2021-05-19 13:20:05","2021-07-24 21:08:15",2021,5,19,Wednesday,4,strong,mb,218.53,deep,94.6894,7.0967,earthquake,0,",us,",us,NULL,0,0,0,",origin,phase-data,",246,7000e64u,",us7000e64u,",45.59407818144721,2.912,1.19,178,reviewed
hv72475237,"4 km WNW of P?hala, Hawaii",Hawaii,"2021-05-19 13:18:59","2021-07-24 21:08:15",2021,5,19,Wednesday,3.2,strong,ml,33.47,shallow,-155.511166666667,19.2233333333333,earthquake,0,",hv,us,",hv,NULL,4,3.1,3.77,",dyfi,origin,phase-data,shakemap,",159,72475237,",hv72475237,us7000e4fe,",63,3.184254625848399,0.11,51,reviewed
us7000e64t,"28 km NNW of Dali, China",China,"2021-05-19 13:13:11","2021-07-24 21:08:15",2021,5,19,Wednesday,4.3,strong,mb,10,shallow,100.0915,25.8208,earthquake,0,",us,",us,NULL,0,0,0,",origin,phase-data,",284,7000e64t,",us7000e64t,",45.59407818144721,4.537,0.64,81,reviewed
us7000e4f5,"24 km W of Dali, China",China,"2021-05-19 12:05:59","2021-07-24 21:08:14",2021,5,19,Wednesday,4.6,strong,mb,10,shallow,99.9677,25.5864,earthquake,0,",us,",us,NULL,0,0,0,",origin,phase-data,",326,7000e4f5,",us7000e4f5,",45.59407818144721,4.295,0.34,80,reviewed
us7000e4f3,"49 km NW of San Antonio de los Cobres, Argentina",Argentina,"2021-05-19 12:04:56","2025-12-22 19:00:29",2021,5,19,Wednesday,5,strong,mww,191.56,deep,-66.6828,-23.9204,earthquake,0,",us,iscgem,",us,NULL,1,1,0,",dyfi,moment-tensor,origin,phase-data,",385,7000e4f3,",us7000e4f3,iscgem620416272,",45.59407818144721,2.918,0.59,44,reviewed
us7000e4f2,"82 km ENE of Namie, Japan",Japan,"2021-05-19 11:54:33","2021-07-24 21:08:14",2021,5,19,Wednesday,4.4,strong,mb,51.6,shallow,141.907,37.6654,earthquake,0,",us,",us,NULL,0,0,0,",origin,phase-data,",298,7000e4f2,",us7000e4f2,",45.59407818144721,3.161,0.42,155,reviewed
us7000e4ey,"9 km NW of Özdere, Turkey",Turkey,"2021-05-19 11:14:59","2021-12-14 13:01:41",2021,5,19,Wednesday,4.6,strong,mb,10,shallow,27.0444,38.076,earthquake,0,",us,",us,NULL,11,3.8,0,",dyfi,origin,phase-data,",330,7000e4ey,",us7000e4ey,",45.59407818144721,0.999,0.8,35,reviewed
us7000e4el,"25 km SE of Kamaishi, Japan",Japan,"2021-05-19 10:21:43","2021-07-24 21:08:13",2021,5,19,Wednesday,4.2,strong,mb,56.31,shallow,142.1033,39.1324,earthquake,0,",us,",us,NULL,0,0,0,",origin,phase-data,",271,7000e4el,",us7000e4el,",45.59407818144721,1.837,0.54,150,reviewed
pr2021139001,"7 km SSW of Ponce, Puerto Rico","Puerto Rico","2021-05-19 09:40:04","2022-08-09 05:08:37",2021,5,19,Wednesday,3.1,strong,md,7,shallow,-66.6531,17.9506,earthquake,0,",pr,",pr,NULL,1,2,0,",dyfi,origin,phase-data,",148,2021139001,",pr2021139001,",18,0.1034,0.16,190,reviewed
us7000e4d1,"11 km SW of Tag?b, Afghanistan",Afghanistan,"2021-05-19 09:19:13","2021-07-24 21:08:13",2021,5,19,Wednesday,4.6,strong,mb,14.82,shallow,69.5705,34.776,earthquake,0,",us,",us,NULL,7,5.3,0,",dyfi,origin,phase-data,",329,7000e4d1,",us7000e4d1,",45.59407818144721,0.494,0.7,55,reviewed
us7000e64r,"southwest of Africa","southwest of Africa","2021-05-19 09:18:33","2021-07-24 21:08:12",2021,5,19,Wednesday,4.3,strong,mb,10,shallow,16.1046,-52.3139,earthquake,0,",us,",us,NULL,0,0,0,",origin,phase-data,",284,7000e64r,",us7000e64r,",45.59407818144721,20.215,0.23,106,reviewed
us7000e64s,"262 km S of Sinabang, Indonesia",Indonesia,"2021-05-19 09:17:52","2021-07-24 21:08:12",2021,5,19,Wednesday,4.2,strong,mb,10,shallow,96.688,0.1258,earthquake,0,",us,",us,NULL,0,0,0,",origin,phase-data,",271,7000e64s,",us7000e64s,",45.59407818144721,1.468,0.52,224,reviewed
us7000e4ct,"50 km ENE of Puerto Ocopa, Peru",Peru,"2021-05-19 07:59:15","2021-07-24 21:08:12",2021,5,19,Wednesday,4.4,strong,mb,109.93,deep,-73.8872,-10.9556,earthquake,0,",us,",us,NULL,0,0,0,",origin,phase-data,",298,7000e4ct,",us7000e4ct,",45.59407818144721,3.072,1,70,reviewed
us7000e4cp,"14 km S of La Rivera, Mexico",Mexico,"2021-05-19 07:48:04","2022-01-18 16:23:24",2021,5,19,Wednesday,3.9,strong,mb,10,shallow,-109.6103,23.4647,earthquake,0,",us,",us,NULL,46,3.8,0,",dyfi,origin,phase-data,",251,7000e4cp,",us7000e4cp,",45.59407818144721,0.9,1.42,248,reviewed
us7000e4cl,"93 km WSW of Abra Pampa, Argentina",Argentina,"2021-05-19 07:40:47","2021-07-24 21:08:11",2021,5,19,Wednesday,4.2,strong,mb,229.2,deep,-66.5858,-22.8886,earthquake,0,",us,",us,NULL,0,0,0,",origin,phase-data,",271,7000e4cl,",us7000e4cl,",45.59407818144721,1.47,0.35,88,reviewed
us7000e4cg,"East of the Volcano Islands","East of the Volcano Islands","2021-05-19 07:16:13","2021-07-24 21:08:11",2021,5,19,Wednesday,4.9,strong,mb,10,shallow,145.0417,24.0662,earthquake,0,",usauto,us,",us,NULL,0,0,0,",internal-moment-tensor,origin,phase-data,",369,7000e4cg,",usauto7000e4cg,us7000e4cg,",45.59407818144721,3.969,1.25,69,reviewed
us7000e4cb,"southwest of Africa","southwest of Africa","2021-05-19 06:47:37","2025-12-22 19:00:28",2021,5,19,Wednesday,4.9,strong,mb,10,shallow,15.8132,-52.2914,earthquake,0,",iscgem,us,",us,NULL,0,0,0,",origin,phase-data,",369,7000e4cb,",iscgem620397837,us7000e4cb,",45.59407818144721,20.23,0.8,60,reviewed
us7000e4bw,"17 km ENE of Yilan, Taiwan",Taiwan,"2021-05-19 05:00:29","2021-07-24 21:08:09",2021,5,19,Wednesday,3.9,strong,mb,10.46,shallow,121.9199,24.8066,earthquake,0,",us,",us,NULL,0,0,0,",origin,phase-data,",234,7000e4bw,",us7000e4bw,",45.59407818144721,0.418,0.54,55,reviewed
us7000e4bx,"148 km S of Merizo Village, Guam",Guam,"2021-05-19 04:30:49","2021-07-24 21:08:09",2021,5,19,Wednesday,4.5,strong,mb,10,shallow,144.4503,11.9421,earthquake,0,",us,",us,NULL,0,0,0,",origin,phase-data,",312,7000e4bx,",us7000e4bx,",45.59407818144721,1.687,0.54,143,reviewed
us7000e64k,"149 km WNW of Sola, Vanuatu",Vanuatu,"2021-05-19 04:17:14","2021-07-24 21:08:09",2021,5,19,Wednesday,4.7,strong,mb,10,shallow,166.3028,-13.2996,earthquake,0,",us,",us,NULL,0,0,0,",origin,phase-data,",340,7000e64k,",us7000e64k,",45.59407818144721,2.306,0.88,92,reviewed
us7000e64j,"62 km WNW of Bojn?rd, Iran",Iran,"2021-05-19 04:07:30","2021-07-24 21:08:09",2021,5,19,Wednesday,4.6,strong,mb,10,shallow,56.639,37.6073,earthquake,0,",us,",us,NULL,0,0,0,",origin,phase-data,",326,7000e64j,",us7000e64j,",45.59407818144721,10.747,0.89,116,reviewed
us7000e64i,"238 km W of Haveluloto, Tonga",Tonga,"2021-05-19 03:22:50","2021-07-24 21:08:08",2021,5,19,Wednesday,4.2,strong,mb,373.82,deep,-177.5027,-21.0663,earthquake,0,",us,",us,NULL,0,0,0,",origin,phase-data,",271,7000e64i,",us7000e64i,",45.59407818144721,5.339,0.33,156,reviewed
us7000e4bd,"11 km SE of Lincoln, Montana",Montana,"2021-05-19 03:02:05","2021-07-24 21:08:08",2021,5,19,Wednesday,3,strong,ml,10,shallow,-112.5677,46.8863,earthquake,0,",us,mb,",us,NULL,5,3.8,0,",dyfi,origin,phase-data,",140,7000e4bd,",us7000e4bd,mb80502679,",45.59407818144721,0.08,0.9,48,reviewed
us7000e4bb,"33 km E of Pokhara, Nepal",Nepal,"2021-05-19 02:41:39","2025-12-22 19:00:27",2021,5,19,Wednesday,4.9,strong,mb,10,shallow,84.3042,28.3088,earthquake,0,",us,iscgem,",us,NULL,8,7.9,0,",dyfi,origin,phase-data,",376,7000e4bb,",us7000e4bb,iscgem620397831,",45.59407818144721,2.241,0.53,40,reviewed
us7000e4b5,"23 km ENE of Tarata, Peru",Peru,"2021-05-19 02:13:55","2021-07-24 21:08:08",2021,5,19,Wednesday,4.4,strong,mb,10,shallow,-69.8248,-17.4098,earthquake,0,",us,",us,NULL,0,0,0,",origin,phase-data,",298,7000e4b5,",us7000e4b5,",45.59407818144721,0.374,0.47,115,reviewed
us7000e4b3,"93 km W of San Antonio de los Cobres, Argentina",Argentina,"2021-05-19 02:08:35","2021-07-24 21:08:07",2021,5,19,Wednesday,4,strong,mb,194.97,deep,-67.2371,-24.2633,earthquake,0,",us,",us,NULL,0,0,0,",origin,phase-data,",246,7000e4b3,",us7000e4b3,",45.59407818144721,1.565,0.44,107,reviewed
us7000e64g,"Kermadec Islands region","Kermadec Islands region","2021-05-19 01:53:49","2021-07-24 21:08:07",2021,5,19,Wednesday,5,strong,mb,10,shallow,-176.6041,-29.2214,earthquake,0,",us,",us,NULL,0,0,0,",origin,phase-data,",385,7000e64g,",us7000e64g,",45.59407818144721,1.158,0.92,78,reviewed
us7000e64f,"197 km NW of Panguna, Papua New Guinea","Papua New Guinea","2021-05-19 01:47:29","2021-07-24 21:08:07",2021,5,19,Wednesday,4.1,strong,mb,112.39,deep,154.146,-5.1383,earthquake,0,",us,",us,NULL,0,0,0,",origin,phase-data,",259,7000e64f,",us7000e64f,",45.59407818144721,2.188,0.67,161,reviewed
us7000e4aw,"southern East Pacific Rise","southern East Pacific Rise","2021-05-19 00:42:20","2025-12-22 18:00:55",2021,5,19,Wednesday,6.7,destructive,mww,10,shallow,-109.3943,-33.0647,earthquake,0,",us,usauto,pt,at,iscgem,",us,green,0,1,0,",dyfi,internal-moment-tensor,internal-origin,losspager,moment-tensor,origin,phase-data,shakemap,",691,7000e4aw,",us7000e4aw,usauto7000e4aw,pt21139000,at00qtbwmk,iscgem620397828,",45.59407818144721,5.884,0.95,31,reviewed
us7000e64m,"southern East Pacific Rise","southern East Pacific Rise","2021-05-19 00:39:01","2021-07-24 21:08:06",2021,5,19,Wednesday,4.9,strong,mb,10,shallow,-109.2553,-33.0003,earthquake,0,",us,",us,NULL,0,0,0,",origin,phase-data,",369,7000e64m,",us7000e64m,",45.59407818144721,34.546,0.92,129,reviewed
us7000e4aq,"36 km E of Pokhara, Nepal",Nepal,"2021-05-18 23:57:59","2025-12-22 19:00:25",2021,5,18,Tuesday,5.3,strong,mb,10,shallow,84.3373,28.2785,earthquake,0,",us,iscgem,",us,NULL,45,5,0,",dyfi,impact-text,origin,phase-data,",455,7000e4aq,",us7000e4aq,iscgem620397823,",45.59407818144721,2.208,0.93,36,reviewed
us7000e4ap,"163 km E of Atka, Alaska",Alaska,"2021-05-18 23:39:03","2021-07-24 21:08:05",2021,5,18,Tuesday,3.2,strong,ml,27.92,shallow,-171.8142,52.1222,earthquake,0,",ak,us,",us,NULL,0,0,0,",origin,phase-data,",158,7000e4ap,",ak0216cm39il,us7000e4ap,",45.59407818144721,1.368,0.24,205,reviewed
us7000e5ug,"Near the coast of southern Peru","Near the coast of southern Peru","2021-05-18 23:16:17","2021-07-24 21:08:05",2021,5,18,Tuesday,4.1,strong,mb,62.62,shallow,-74.8353,-15.1558,earthquake,0,",us,",us,NULL,0,0,0,",origin,phase-data,",259,7000e5ug,",us7000e5ug,",45.59407818144721,3.704,0.54,148,reviewed
us7000e5ub,"south of the Fiji Islands","south of the Fiji Islands","2021-05-18 23:07:59","2021-07-24 21:08:05",2021,5,18,Tuesday,4.6,strong,mb,586.66,deep,179.6678,-22.2711,earthquake,0,",us,",us,NULL,0,0,0,",origin,phase-data,",326,7000e5ub,",us7000e5ub,",45.59407818144721,4.752,0.83,116,reviewed
us7000e4a1,"59 km NE of Hobart Bay, Alaska",Alaska,"2021-05-18 22:05:42","2021-07-24 21:08:04",2021,5,18,Tuesday,3.2,strong,ml,5,shallow,-132.6932,57.8687,earthquake,0,",us,",us,NULL,0,0,0,",origin,phase-data,",158,7000e4a1,",us7000e4a1,",45.59407818144721,1.051,0.61,126,reviewed
ak0216clak6p,"48 km E of Chase, Alaska",Alaska,"2021-05-18 22:05:28","2021-07-24 21:08:04",2021,5,18,Tuesday,3.5,strong,ml,9.1,shallow,-149.1804,62.5183,earthquake,0,",us,ak,",ak,NULL,6,4.8,3.181,",dyfi,impact-text,origin,phase-data,shakemap,",191,0216clak6p,",us7000e49z,ak0216clak6p,",45.59407818144721,3.184254625848399,0.78,121.80208981074368,reviewed
us7000e49x,"61 km WSW of Bojn?rd, Iran",Iran,"2021-05-18 21:50:04","2021-07-24 21:08:04",2021,5,18,Tuesday,4.3,strong,mb,10,shallow,56.6487,37.343,earthquake,0,",us,",us,NULL,0,0,0,",origin,phase-data,",284,7000e49x,",us7000e49x,",45.59407818144721,5.416,1.04,141,reviewed
us7000e5u8,"36 km ESE of Ishinomaki, Japan",Japan,"2021-05-18 21:40:11","2021-07-24 21:08:03",2021,5,18,Tuesday,4.3,strong,mb,63.6,shallow,141.682,38.2946,earthquake,0,",us,",us,NULL,0,0,0,",origin,phase-data,",284,7000e5u8,",us7000e5u8,",45.59407818144721,2.537,1.04,157,reviewed
us7000e49j,"256 km S of Sinabang, Indonesia",Indonesia,"2021-05-18 21:34:04","2021-07-24 21:08:03",2021,5,18,Tuesday,4.4,strong,mb,10,shallow,96.6415,0.1721,earthquake,0,",us,",us,NULL,0,0,0,",origin,phase-data,",298,7000e49j,",us7000e49j,",45.59407818144721,1.461,0.93,126,reviewed
us7000e49i,"southwest of Africa","southwest of Africa","2021-05-18 21:28:43","2025-12-22 19:00:21",2021,5,18,Tuesday,4.9,strong,mb,10,shallow,15.7031,-52.2233,earthquake,0,",iscgem,us,",us,NULL,0,0,0,",origin,phase-data,",369,7000e49i,",iscgem620397799,us7000e49i,",45.59407818144721,20.178,0.97,55,reviewed
us7000e5uc,"South Georgia Island region","South Georgia Island region","2021-05-18 20:29:58","2021-07-24 21:08:02",2021,5,18,Tuesday,4.5,strong,mb,10,shallow,-31.9951,-55.2127,earthquake,0,",us,",us,NULL,0,0,0,",origin,phase-data,",312,7000e5uc,",us7000e5uc,",45.59407818144721,20.655,0.8,104,reviewed
us7000e48g,"10 km NNW of Chuquitira, Peru",Peru,"2021-05-18 20:23:32","2022-08-09 05:07:43",2021,5,18,Tuesday,4.6,strong,mwr,22.18,shallow,-70.0868,-17.2003,earthquake,0,",us,",us,NULL,2,6.1,0,",dyfi,moment-tensor,origin,phase-data,",327,7000e48g,",us7000e48g,",45.59407818144721,0.696,0.58,98,reviewed
us7000e481,"20 km SSE of Atiquipa, Peru",Peru,"2021-05-18 19:49:28","2021-07-24 21:08:02",2021,5,18,Tuesday,4.2,strong,mb,39.61,shallow,-74.3147,-15.9794,earthquake,0,",us,",us,NULL,0,0,0,",origin,phase-data,",271,7000e481,",us7000e481,",45.59407818144721,4.622,0.41,142,reviewed
us7000e47t,"33 km WSW of Birney, Montana",Montana,"2021-05-18 19:12:41","2021-07-24 21:08:01",2021,5,18,Tuesday,3.4,strong,ml,0,shallow,-106.8754,45.1627,"mining explosion",0,",us,",us,NULL,0,0,0,",origin,phase-data,",178,7000e47t,",us7000e47t,",45.59407818144721,1.592,0.74,65,reviewed
us7000e5u4,"169 km S of Severo-Kuril’sk, Russia",Russia,"2021-05-18 18:43:36","2021-07-24 21:08:01",2021,5,18,Tuesday,4.3,strong,mb,42.69,shallow,156.0033,49.1541,earthquake,0,",us,",us,NULL,0,0,0,",origin,phase-data,",284,7000e5u4,",us7000e5u4,",45.59407818144721,4.101,0.65,137,reviewed
us7000e47n,"southwest of Africa","southwest of Africa","2021-05-18 18:23:03","2025-12-22 19:00:24",2021,5,18,Tuesday,5.2,strong,mww,10,shallow,15.8112,-52.2625,earthquake,0,",usauto,iscgem,us,",us,NULL,0,0,0,",internal-moment-tensor,origin,phase-data,",416,7000e47n,",usauto7000e47n,iscgem620397805,us7000e47n,",45.59407818144721,20.202,0.85,41,reviewed
us7000e5u7,"southwest of Africa","southwest of Africa","2021-05-18 18:13:36","2021-07-24 21:08:00",2021,5,18,Tuesday,4.2,strong,mb,10,shallow,15.771,-52.3128,earthquake,0,",us,",us,NULL,0,0,0,",origin,phase-data,",271,7000e5u7,",us7000e5u7,",45.59407818144721,20.256,1.02,100,reviewed
us7000e5u1,"120 km NW of Mikuni, Japan",Japan,"2021-05-18 18:07:33","2021-07-24 21:08:00",2021,5,18,Tuesday,4,strong,mb,382.39,deep,135.0632,36.8515,earthquake,0,",us,",us,NULL,0,0,0,",origin,phase-data,",246,7000e5u1,",us7000e5u1,",45.59407818144721,2.186,0.72,60,reviewed
us7000e46m,"southwest of Africa","southwest of Africa","2021-05-18 17:49:08","2026-02-04 20:37:19",2021,5,18,Tuesday,5.1,strong,mww,10,shallow,15.8159,-52.1973,earthquake,0,",us,iscgem,",us,NULL,0,0,0,",earthquake-name,origin,phase-data,",400,7000e46m,",us7000e46m,iscgem620397801,",45.59407818144721,20.137,0.77,38,reviewed
us7000e5tz,"49 km WNW of Bojn?rd, Iran",Iran,"2021-05-18 17:16:35","2021-07-24 21:08:00",2021,5,18,Tuesday,4,strong,mb,10,shallow,56.8049,37.6196,earthquake,0,",us,",us,NULL,0,0,0,",origin,phase-data,",246,7000e5tz,",us7000e5tz,",45.59407818144721,9.739,0.9,171,reviewed
us7000e5u5,"southeast of the Loyalty Islands","southeast of the Loyalty Islands","2021-05-18 16:08:45","2021-07-24 21:07:59",2021,5,18,Tuesday,4.6,strong,mb,10,shallow,170.8768,-22.4872,earthquake,0,",us,",us,NULL,0,0,0,",origin,phase-data,",326,7000e5u5,",us7000e5u5,",45.59407818144721,3.173,1.07,121,reviewed
us7000e449,"100 km SSW of Kushiro, Japan",Japan,"2021-05-18 15:48:33","2021-07-24 21:07:59",2021,5,18,Tuesday,4.7,strong,mb,48.01,shallow,144.0354,42.1049,earthquake,0,",us,",us,NULL,0,0,0,",origin,phase-data,",340,7000e449,",us7000e449,",45.59407818144721,0.66,0.68,138,reviewed
us7000e5u3,"155 km SW of Santiago de Cao, Peru",Peru,"2021-05-18 15:19:29","2021-07-24 21:07:59",2021,5,18,Tuesday,4,strong,mb,10,shallow,-80.1884,-8.9965,earthquake,0,",us,",us,NULL,0,0,0,",origin,phase-data,",246,7000e5u3,",us7000e5u3,",45.59407818144721,2.564,0.91,156,reviewed
us7000e5tw,"44 km NE of Labasa, Fiji",Fiji,"2021-05-18 14:48:17","2022-08-09 05:13:36",2021,5,18,Tuesday,4.9,strong,mb,26.07,shallow,179.6208,-16.112,earthquake,0,",us,",us,NULL,2,4.3,0,",dyfi,origin,phase-data,",370,7000e5tw,",us7000e5tw,",45.59407818144721,2.211,0.59,137,reviewed
nc73564200,"11km WSW of Huron, CA",CA,"2021-05-18 14:44:25","2021-07-24 21:07:58",2021,5,18,Tuesday,3.63,strong,mw,8.98,shallow,-120.2116667,36.1631667,earthquake,0,",ew,nc,us,",nc,NULL,35,3.1,3.569,",dyfi,focal-mechanism,moment-tensor,nearby-cities,origin,phase-data,scitech-link,shake-alert,shakemap,",214,73564200,",ew1621349063,nc73564200,us7000e43g,",46,0.1252,0.1,135,reviewed
us7000e5tv,"132 km WNW of Ternate, Indonesia",Indonesia,"2021-05-18 13:47:23","2021-07-24 21:07:57",2021,5,18,Tuesday,4.2,strong,mb,50.23,shallow,126.2162,1.0417,earthquake,0,",us,",us,NULL,0,0,0,",origin,phase-data,",271,7000e5tv,",us7000e5tv,",45.59407818144721,1.181,0.25,88,reviewed
us7000e42s,"97 km NW of Dali, China",China,"2021-05-18 13:39:44","2021-07-24 21:07:57",2021,5,18,Tuesday,4.3,strong,mb,10,shallow,99.4459,26.1305,earthquake,0,",us,",us,NULL,0,0,0,",origin,phase-data,",284,7000e42s,",us7000e42s,",45.59407818144721,4.824,0.85,125,reviewed
ak0216cg4h2a,"17 km NW of Clam Gulch, Alaska",Alaska,"2021-05-18 13:37:07","2021-10-16 18:25:23",2021,5,18,Tuesday,3.6,strong,ml,61.1,shallow,-151.6295,60.33,earthquake,0,",ak,us,",ak,NULL,14,3.4,2.466,",dyfi,origin,phase-data,shakemap,",204,0216cg4h2a,",ak0216cg4h2a,us7000e42r,",45.59407818144721,3.184254625848399,0.7,121.80208981074368,reviewed
us7000e5tu,"52 km SW of Lijiang, China",China,"2021-05-18 12:56:54","2021-07-24 21:07:56",2021,5,18,Tuesday,4.3,strong,mb,10,shallow,99.9121,26.4878,earthquake,0,",us,",us,NULL,0,0,0,",origin,phase-data,",284,7000e5tu,",us7000e5tu,",45.59407818144721,5.187,0.71,64,reviewed
us7000e42l,"126 km NNE of Hihifo, Tonga",Tonga,"2021-05-18 12:43:17","2021-07-24 21:07:56",2021,5,18,Tuesday,4.6,strong,mb,10,shallow,-173.1564,-14.9961,earthquake,0,",us,",us,NULL,0,0,0,",origin,phase-data,",326,7000e42l,",us7000e42l,",45.59407818144721,1.714,0.48,76,reviewed
us7000e42g,"6 km SW of Dhekiajuli, India",India,"2021-05-18 12:03:01","2021-07-24 21:07:56",2021,5,18,Tuesday,4.4,strong,mb,49.81,shallow,92.4258,26.6713,earthquake,0,",us,",us,NULL,0,0,0,",origin,phase-data,",298,7000e42g,",us7000e42g,",45.59407818144721,1.213,0.4,81,reviewed
us7000e5tt,"231 km WNW of Haveluloto, Tonga",Tonga,"2021-05-18 11:58:25","2021-07-24 21:07:56",2021,5,18,Tuesday,4.2,strong,mb,514.32,deep,-177.2663,-20.3583,earthquake,0,",us,",us,NULL,0,0,0,",origin,phase-data,",271,7000e5tt,",us7000e5tt,",45.59407818144721,5.133,0.4,221,reviewed
us7000e5tr,"16 km SW of Lijiang, China",China,"2021-05-18 10:49:40","2021-07-24 21:07:55",2021,5,18,Tuesday,4.2,strong,mb,10,shallow,100.0826,26.7801,earthquake,0,",us,",us,NULL,0,0,0,",origin,phase-data,",271,7000e5tr,",us7000e5tr,",45.59407818144721,6.603,0.48,91,reviewed
us7000e421,"south of the Fiji Islands","south of the Fiji Islands","2021-05-18 10:30:55","2025-12-22 19:00:20",2021,5,18,Tuesday,4.8,strong,mb,401.61,deep,-178.8839,-23.9653,earthquake,0,",usauto,iscgem,us,",us,NULL,0,0,0,",internal-moment-tensor,origin,phase-data,",354,7000e421,",usauto7000e421,iscgem620386518,us7000e421,",45.59407818144721,5.327,0.76,45,reviewed
us7000e5tq,"211 km SE of Pondaguitan, Philippines",Philippines,"2021-05-18 10:28:47","2021-07-24 21:07:54",2021,5,18,Tuesday,4.3,strong,mb,100.88,deep,127.4172,4.911,earthquake,0,",us,",us,NULL,0,0,0,",origin,phase-data,",284,7000e5tq,",us7000e5tq,",45.59407818144721,2.818,0.59,118,reviewed
us7000e5tn,"173 km ESE of Neiafu, Tonga",Tonga,"2021-05-18 09:48:36","2021-07-24 21:07:53",2021,5,18,Tuesday,4.4,strong,mb,10,shallow,-172.5693,-19.4623,earthquake,0,",us,",us,NULL,0,0,0,",origin,phase-data,",298,7000e5tn,",us7000e5tn,",45.59407818144721,9.055,0.79,157,reviewed
us7000e5tm,"137 km NNE of Palu, Indonesia",Indonesia,"2021-05-18 09:21:55","2021-07-24 21:07:53",2021,5,18,Tuesday,4.4,strong,mb,45.86,shallow,120.1175,0.3085,earthquake,0,",us,",us,NULL,0,0,0,",origin,phase-data,",298,7000e5tm,",us7000e5tm,",45.59407818144721,1.037,0.62,79,reviewed
us7000e41n,"29 km WNW of El Pedregal, Peru",Peru,"2021-05-18 09:17:30","2021-07-24 21:07:52",2021,5,18,Tuesday,4.3,strong,mb,78.33,deep,-72.4483,-16.2743,earthquake,0,",us,",us,NULL,0,0,0,",origin,phase-data,",284,7000e41n,",us7000e41n,",45.59407818144721,2.897,0.7,132,reviewed
us7000e41q,"south of the Kermadec Islands","south of the Kermadec Islands","2021-05-18 08:59:32","2025-12-22 19:00:19",2021,5,18,Tuesday,4.9,strong,mb,10,shallow,-179.3335,-33.223,earthquake,0,",iscgem,us,",us,NULL,0,0,0,",origin,phase-data,",369,7000e41q,",iscgem620386515,us7000e41q,",45.59407818144721,4.143,1.26,67,reviewed
us7000e5tl,"101 km SSE of Kokopo, Papua New Guinea","Papua New Guinea","2021-05-18 07:38:23","2021-07-24 21:07:51",2021,5,18,Tuesday,4.3,strong,mb,36.87,shallow,152.6491,-5.1787,earthquake,0,",us,",us,NULL,0,0,0,",origin,phase-data,",284,7000e5tl,",us7000e5tl,",45.59407818144721,1.093,0.38,114,reviewed
tx2021jqux,"55 km S of Whites City, New Mexico","New Mexico","2021-05-18 06:34:10","2021-07-24 21:07:51",2021,5,18,Tuesday,3.4,strong,ml,7.082763671999999,shallow,-104.3878758,31.67137405,earthquake,0,",tx,us,",tx,NULL,1,1,0,",dyfi,origin,phase-data,",178,2021jqux,",tx2021jqux,us7000e40i,",37,0.09628481179,0.3,58,reviewed
us7000e40g,"240 km SE of Chiniak, Alaska",Alaska,"2021-05-18 06:26:12","2021-07-24 21:07:51",2021,5,18,Tuesday,3,strong,ml,10,shallow,-149.6537,56.0062,earthquake,0,",us,",us,NULL,0,0,0,",origin,phase-data,",138,7000e40g,",us7000e40g,",45.59407818144721,2.349,0.33,250,reviewed
us7000e40a,"115 km NW of Sabang, Indonesia",Indonesia,"2021-05-18 05:49:22","2021-07-24 21:07:51",2021,5,18,Tuesday,5,strong,mb,10,shallow,94.5648,6.6176,earthquake,0,",us,",us,NULL,1,2,0,",dyfi,origin,phase-data,",385,7000e40a,",us7000e40a,",45.59407818144721,2.742,1.04,35,reviewed
us7000e407,"286 km WSW of Adak, Alaska",Alaska,"2021-05-18 05:40:00","2021-07-24 21:07:50",2021,5,18,Tuesday,5,strong,mb,43.31,shallow,179.3875,51.1889,earthquake,0,",us,ak,",us,NULL,0,0,3.271,",origin,phase-data,shakemap,",385,7000e407,",us7000e407,ak0216cbdn6v,",45.59407818144721,1.184,0.78,104,reviewed
us7000e403,"Bonin Islands, Japan region","Japan region","2021-05-18 05:23:46","2021-07-24 21:07:50",2021,5,18,Tuesday,4.4,strong,mb,405.68,deep,140.1361,28.3907,earthquake,0,",us,",us,NULL,68,2,0,",dyfi,origin,phase-data,",311,7000e403,",us7000e403,",45.59407818144721,2.227,0.74,70,reviewed
pr2021138001,"48 km SE of Punta Cana, Dominican Republic","Dominican Republic","2021-05-18 05:12:07","2021-07-24 21:07:49",2021,5,18,Tuesday,3.56,strong,md,105,deep,-68.061,18.2918,earthquake,0,",us,pr,",pr,NULL,0,0,0,",origin,phase-data,",195,2021138001,",us7000e40b,pr2021138001,",20,0.3898,0.37,185,reviewed
us7000e3zr,"Reykjanes Ridge","Reykjanes Ridge","2021-05-18 04:12:39","2025-12-22 19:00:18",2021,5,18,Tuesday,4.8,strong,mb,10,shallow,-30.5972,59.3641,earthquake,0,",iscgem,us,",us,NULL,0,0,0,",origin,phase-data,",354,7000e3zr,",iscgem620386471,us7000e3zr,",45.59407818144721,6.933,0.68,29,reviewed
us7000e5th,"85 km SE of Wau, Papua New Guinea","Papua New Guinea","2021-05-18 04:10:24","2021-07-24 21:07:49",2021,5,18,Tuesday,4.5,strong,mb,115.15,deep,147.2496,-7.8956,earthquake,0,",us,",us,NULL,0,0,0,",origin,phase-data,",312,7000e5th,",us7000e5th,",45.59407818144721,6.117,0.32,117,reviewed
us7000e3zp,"8 km SE of Chuquitira, Peru",Peru,"2021-05-18 03:54:35","2021-07-24 21:07:48",2021,5,18,Tuesday,4.1,strong,mb,10,shallow,-69.9961,-17.3512,earthquake,0,",us,",us,NULL,0,0,0,",origin,phase-data,",259,7000e3zp,",us7000e3zp,",45.59407818144721,0.546,0.49,226,reviewed
us7000e3zn,"226 km SE of Chiniak, Alaska",Alaska,"2021-05-18 03:53:34","2025-12-22 19:00:16",2021,5,18,Tuesday,4.5,strong,mb,10,shallow,-149.8504,56.0784,earthquake,0,",ak,iscgem,us,",us,NULL,0,0,1,",origin,phase-data,shakemap,",312,7000e3zn,",ak0216ca9mg3,iscgem620386417,us7000e3zn,",45.59407818144721,2.217,0.86,148,reviewed
us7000e3zm,"south of the Fiji Islands","south of the Fiji Islands","2021-05-18 03:20:53","2021-07-24 21:07:48",2021,5,18,Tuesday,4.3,strong,mb,460.37,deep,-179.5963,-25.0282,earthquake,0,",us,",us,NULL,0,0,0,",origin,phase-data,",284,7000e3zm,",us7000e3zm,",45.59407818144721,7.57,0.7,115,reviewed
us7000e3za,"45 km SSW of Ocós, Guatemala",Guatemala,"2021-05-18 02:43:50","2021-07-24 21:07:47",2021,5,18,Tuesday,4.1,strong,mb,40.51,shallow,-92.3741,14.1365,earthquake,0,",us,",us,NULL,0,0,0,",origin,phase-data,",259,7000e3za,",us7000e3za,",45.59407818144721,0.763,0.89,176,reviewed
us7000e3z8,"southeast of the Loyalty Islands","southeast of the Loyalty Islands","2021-05-18 02:31:40","2025-12-22 18:00:55",2021,5,18,Tuesday,5.2,strong,mb,10,shallow,171.6733,-23.2597,earthquake,0,",iscgem,us,",us,NULL,0,0,0,",origin,phase-data,",416,7000e3z8,",iscgem620386414,us7000e3z8,",45.59407818144721,3.949,0.57,70,reviewed
us7000e461,"294 km WSW of Adak, Alaska",Alaska,"2021-05-18 02:09:59","2021-07-24 21:07:47",2021,5,18,Tuesday,3.4,strong,ml,27.99,shallow,179.3815,50.9863,earthquake,0,",ak,us,",us,NULL,0,0,0,",origin,phase-data,",178,7000e461,",ak0216c9ex7h,us7000e461,",45.59407818144721,1.267,0.32,230,reviewed
us7000e460,"284 km WSW of Adak, Alaska",Alaska,"2021-05-18 02:05:10","2021-07-24 21:07:47",2021,5,18,Tuesday,3.3,strong,ml,15.93,shallow,179.4453,51.1435,earthquake,0,",ak,us,",us,NULL,0,0,0,",origin,phase-data,",168,7000e460,",ak0216c9dvx4,us7000e460,",45.59407818144721,1.166,0.29,225,reviewed
us7000e5tj,"Fiji region","Fiji region","2021-05-18 01:28:39","2021-07-24 21:07:46",2021,5,18,Tuesday,4.1,strong,mb,584.63,deep,-178.2073,-20.3758,earthquake,0,",us,",us,NULL,0,0,0,",origin,phase-data,",259,7000e5tj,",us7000e5tj,",45.59407818144721,13.539,0.51,142,reviewed
us7000e5tg,"7 km N of Sabang, Philippines",Philippines,"2021-05-18 01:16:43","2021-07-24 21:07:46",2021,5,18,Tuesday,4.5,strong,mb,104.06,deep,120.9802,13.5749,earthquake,0,",us,",us,NULL,0,0,0,",origin,phase-data,",312,7000e5tg,",us7000e5tg,",45.59407818144721,14.045,0.41,128,reviewed
us7000e45z,"290 km WSW of Adak, Alaska",Alaska,"2021-05-18 00:58:32","2021-07-24 21:07:46",2021,5,18,Tuesday,3.3,strong,ml,20.37,shallow,179.5217,50.8628,earthquake,0,",ak,us,",us,NULL,0,0,0,",origin,phase-data,",168,7000e45z,",ak0216c8ifbh,us7000e45z,",45.59407818144721,1.254,0.7,236,reviewed
nn00810545,"24 km S of Carlin, Nevada",Nevada,"2021-06-30 23:13:53","2021-09-09 22:06:19",2021,6,30,Wednesday,3.4,strong,ml,12.2,shallow,-116.0564,40.4937,earthquake,0,",nn,us,",nn,NULL,3,2.2,3.15,",dyfi,origin,phase-data,shakemap,",179,00810545,",nn00810545,us7000ehv4,",22,0.487,0.1028,90.72,reviewed
us7000ehv3,"7 km SW of Colstrip, Montana",Montana,"2021-06-30 22:42:54","2021-09-09 22:06:19",2021,6,30,Wednesday,3,strong,ml,0,shallow,-106.6901,45.8406,"mining explosion",0,",us,",us,NULL,0,0,0,",origin,phase-data,",138,7000ehv3,",us7000ehv3,",45.59407818144721,0.907,0.66,99,reviewed
tx2021msph,"57 km S of Whites City, New Mexico","New Mexico","2021-06-30 22:36:25","2021-09-09 22:06:19",2021,6,30,Wednesday,3.1,strong,ml,6.542895508,shallow,-104.3153668,31.65826066,earthquake,0,",us,tx,",tx,NULL,0,0,0,",origin,phase-data,",148,2021msph,",us7000ehv1,tx2021msph,",35,0.116641776,0.3,59,reviewed
nc73581561,"7km WSW of Williams, CA",CA,"2021-06-30 22:19:20","2021-10-11 21:05:40",2021,6,30,Wednesday,3.17,strong,ml,-0.27,shallow,-122.2215,39.1353333,earthquake,0,",nc,us,",nc,NULL,25,4.6,4.49,",dyfi,focal-mechanism,nearby-cities,origin,phase-data,scitech-link,shakemap,",166,73581561,",nc73581561,us7000ehuu,",76,0.01527,0.28,38,reviewed
ci39725271,"17km W of Searles Valley, CA",CA,"2021-06-30 22:15:56","2021-09-09 22:06:18",2021,6,30,Wednesday,3.23,strong,ml,6.71,shallow,-117.587,35.7791667,earthquake,0,",ci,us,",ci,NULL,12,2.7,0,",dyfi,focal-mechanism,nearby-cities,origin,phase-data,scitech-link,",164,39725271,",ci39725271,us7000ehus,",45,0.03748,0.14,46,reviewed
us7000eivy,"18 km SE of Kotabumi, Indonesia",Indonesia,"2021-06-30 22:11:15","2021-09-09 22:06:52",2021,6,30,Wednesday,4.3,strong,mb,10,shallow,105.0066,-4.9425,earthquake,0,",us,",us,NULL,0,0,0,",origin,phase-data,",284,7000eivy,",us7000eivy,",45.59407818144721,2.124,0.69,125,reviewed
us7000ehv0,"57 km SSE of Sand Point, Alaska",Alaska,"2021-06-30 21:50:07","2021-09-09 22:06:19",2021,6,30,Wednesday,4,strong,mb,43.55,shallow,-160.2183,54.8469,earthquake,0,",ak,us,",us,NULL,0,0,0,",origin,phase-data,",246,7000ehv0,",ak0218bp2ngb,us7000ehv0,",45.59407818144721,0.364,0.7,88,reviewed
us7000ehul,"33 km E of Kamaishi, Japan",Japan,"2021-06-30 21:44:01","2021-09-09 22:06:17",2021,6,30,Wednesday,4.4,strong,mb,52.94,shallow,142.2479,39.2381,earthquake,0,",us,",us,NULL,0,0,0,",origin,phase-data,",298,7000ehul,",us7000ehul,",45.59407818144721,1.796,0.96,135,reviewed
us7000eivx,"67 km S of Angoram, Papua New Guinea","Papua New Guinea","2021-06-30 21:19:13","2021-09-09 22:06:52",2021,6,30,Wednesday,4.3,strong,mb,92.88,deep,144.0941,-4.6725,earthquake,0,",us,",us,NULL,0,0,0,",impact-text,origin,phase-data,",284,7000eivx,",us7000eivx,",45.59407818144721,4.005,0.77,121,reviewed
us7000ehtz,"33 km NNW of Kabugao, Philippines",Philippines,"2021-06-30 20:28:45","2021-09-09 22:06:16",2021,6,30,Wednesday,4.5,strong,mb,15.23,shallow,121.0562,18.2968,earthquake,0,",us,",us,NULL,0,0,0,",origin,phase-data,",312,7000ehtz,",us7000ehtz,",45.59407818144721,4.498,0.68,114,reviewed
us7000ehtu,"southeast of the Loyalty Islands","southeast of the Loyalty Islands","2021-06-30 20:16:28","2021-09-09 22:06:16",2021,6,30,Wednesday,4.7,strong,mb,10,shallow,171.7889,-22.9174,earthquake,0,",us,",us,NULL,0,0,0,",origin,phase-data,",340,7000ehtu,",us7000ehtu,",45.59407818144721,4.019,1.07,77,reviewed
us7000ehtk,"Easter Island region","Easter Island region","2021-06-30 19:52:28","2025-12-22 19:03:14",2021,6,30,Wednesday,4.9,strong,mb,10,shallow,-113.2578,-28.4253,earthquake,0,",iscgem,us,",us,NULL,0,0,0,",origin,phase-data,",369,7000ehtk,",iscgem620669109,us7000ehtk,",45.59407818144721,3.613,0.56,93,reviewed
pr2021181010,"5 km S of Ponce, Puerto Rico","Puerto Rico","2021-06-30 19:19:29","2021-09-09 22:06:17",2021,6,30,Wednesday,3.2,strong,md,5,shallow,-66.6301,17.9625,earthquake,0,",pr,us,",pr,NULL,3,2.5,0,",dyfi,origin,phase-data,",158,2021181010,",pr2021181010,us7000ehu3,",21,0.0838,0.37,183,reviewed
us7000eivu,"57 km ESE of Caburan, Philippines",Philippines,"2021-06-30 18:53:43","2021-09-09 22:06:51",2021,6,30,Wednesday,4,strong,mb,122.29,deep,126.0994,5.6658,earthquake,0,",us,",us,NULL,0,0,0,",origin,phase-data,",246,7000eivu,",us7000eivu,",45.59407818144721,1.487,0.42,115,reviewed
us6000er6c,"Banda Sea","Banda Sea","2021-06-30 18:09:32","2021-09-09 22:06:12",2021,6,30,Wednesday,4.4,strong,mb,146.43,deep,129.7236,-6.6126,earthquake,0,",us,",us,NULL,0,0,0,",origin,phase-data,",298,6000er6c,",us6000er6c,",45.59407818144721,2.072,0.76,49,reviewed
us7000eivt,"29 km NE of La Paz, Philippines",Philippines,"2021-06-30 15:51:46","2021-09-09 22:06:51",2021,6,30,Wednesday,4.1,strong,mb,35,shallow,126.4753,9.1432,earthquake,0,",us,",us,NULL,0,0,0,",origin,phase-data,",259,7000eivt,",us7000eivt,",45.59407818144721,2.243,0.92,198,reviewed
us6000er5e,"21 km W of Préveza, Greece",Greece,"2021-06-30 15:44:58","2021-09-09 22:06:11",2021,6,30,Wednesday,4,strong,mb,10,shallow,20.5075,38.992,earthquake,0,",us,",us,NULL,1,3.1,0,",dyfi,origin,phase-data,",246,6000er5e,",us6000er5e,",45.59407818144721,0.234,1.38,125,reviewed
us6000er55,"Easter Island region","Easter Island region","2021-06-30 15:07:54","2025-12-22 19:03:13",2021,6,30,Wednesday,5.3,strong,mww,10,shallow,-113.1267,-28.3361,earthquake,0,",iscgem,us,",us,NULL,0,0,0,",origin,phase-data,",432,6000er55,",iscgem620650451,us6000er55,",45.59407818144721,3.475,0.89,46,reviewed
us6000er4v,"157 km NE of Lospalos, Timor Leste","Timor Leste","2021-06-30 14:50:20","2021-09-09 22:06:10",2021,6,30,Wednesday,4,strong,mb,134.38,deep,128.0085,-7.5198,earthquake,0,",us,",us,NULL,0,0,0,",origin,phase-data,",246,6000er4v,",us6000er4v,",45.59407818144721,3.292,0.56,69,reviewed
us6000er4i,"31 km NE of Calingasta, Argentina",Argentina,"2021-06-30 14:22:06","2021-09-09 22:06:10",2021,6,30,Wednesday,4.5,strong,mb,110.9,deep,-69.1939,-31.1285,earthquake,0,",us,",us,NULL,0,0,0,",origin,phase-data,",312,6000er4i,",us6000er4i,",45.59407818144721,0.602,0.63,41,reviewed
us7000eivp,"17 km NNW of Hihifo, Tonga",Tonga,"2021-06-30 14:01:51","2021-09-09 22:06:51",2021,6,30,Wednesday,4.4,strong,mb,35.37,shallow,-173.8589,-15.81,earthquake,0,",us,",us,NULL,0,0,0,",origin,phase-data,",298,7000eivp,",us7000eivp,",45.59407818144721,2.757,0.29,133,reviewed
hv72556132,"3 km SE of P?hala, Hawaii",Hawaii,"2021-06-30 13:28:25","2021-09-09 22:06:09",2021,6,30,Wednesday,3.28,strong,ml,36.97,shallow,-155.456833333333,19.1775,earthquake,0,",us,hv,",hv,NULL,0,0,4.391,",origin,phase-data,shakemap,",166,72556132,",us6000er43,hv72556132,",57,3.184254625848399,0.12,123,reviewed
tx2021mrwz,"54 km S of Whites City, New Mexico","New Mexico","2021-06-30 13:21:14","2021-09-09 22:06:09",2021,6,30,Wednesday,3,strong,ml,6.131567383,shallow,-104.4060271,31.6843548,earthquake,0,",us,tx,",tx,NULL,0,0,0,",origin,phase-data,",138,2021mrwz,",us6000er45,tx2021mrwz,",22,0.08229253288,0.2,68,reviewed
tx2021mrwy,"55 km S of Whites City, New Mexico","New Mexico","2021-06-30 13:19:57","2021-09-09 22:06:09",2021,6,30,Wednesday,3,strong,ml,6.285815430000001,shallow,-104.4021672,31.67426897,earthquake,0,",us,tx,",tx,NULL,0,0,0,",origin,phase-data,",138,2021mrwy,",us6000er3y,tx2021mrwy,",29,0.0842513393,0.2,57,reviewed
us6000er3z,"eastern Honshu, Japan",Japan,"2021-06-30 13:18:09","2021-09-09 22:06:09",2021,6,30,Wednesday,4.5,strong,mb,135.56,deep,140.4231,39.5924,earthquake,0,",us,",us,NULL,0,0,0,",origin,phase-data,",312,6000er3z,",us6000er3z,",45.59407818144721,1.292,0.55,89,reviewed
us6000er3v,"90 km W of Abra Pampa, Argentina",Argentina,"2021-06-30 13:14:04","2021-09-09 22:06:08",2021,6,30,Wednesday,4.9,strong,mb,214.88,deep,-66.5688,-22.6217,earthquake,0,",us,",us,NULL,2,2.7,0,",dyfi,origin,phase-data,",370,6000er3v,",us6000er3v,",45.59407818144721,1.521,0.55,44,reviewed
us6000er3p,"14 km N of Hasaki, Japan",Japan,"2021-06-30 12:37:32","2021-09-09 22:06:08",2021,6,30,Wednesday,4.2,strong,mb,10,shallow,140.8596,35.8605,earthquake,0,",us,",us,NULL,1,2.7,0,",dyfi,origin,phase-data,",272,6000er3p,",us6000er3p,",45.59407818144721,2.249,0.45,158,reviewed
us6000er3h,"11 km SSW of Piedecuesta, Colombia",Colombia,"2021-06-30 12:15:04","2021-09-09 22:06:07",2021,6,30,Wednesday,4.4,strong,mb,143.46,deep,-73.0946,6.8959,earthquake,0,",us,",us,NULL,0,0,0,",origin,phase-data,",298,6000er3h,",us6000er3h,",45.59407818144721,0.996,0.68,117,reviewed
us7000eivn,"Kermadec Islands region","Kermadec Islands region","2021-06-30 10:37:28","2021-09-09 22:06:50",2021,6,30,Wednesday,4.2,strong,mb,10,shallow,-176.7982,-29.4336,earthquake,0,",us,",us,NULL,0,0,0,",origin,phase-data,",271,7000eivn,",us7000eivn,",45.59407818144721,12.554,0.22,203,reviewed
us6000er1v,"22 km SE of Socorro, Philippines",Philippines,"2021-06-30 09:58:06","2021-09-09 22:06:02",2021,6,30,Wednesday,4.6,strong,mb,36.14,shallow,126.1217,9.4892,earthquake,0,",us,",us,NULL,0,0,0,",origin,phase-data,",326,6000er1v,",us6000er1v,",45.59407818144721,2.463,0.4,123,reviewed
us7000eivm,"126 km SSE of Ende, Indonesia",Indonesia,"2021-06-30 09:36:11","2021-09-09 22:06:50",2021,6,30,Wednesday,4.1,strong,mb,35,shallow,122.0232,-9.9261,earthquake,0,",us,",us,NULL,0,0,0,",origin,phase-data,",259,7000eivm,",us7000eivm,",45.59407818144721,1.299,0.38,69,reviewed
pr2021181005,"6 km WSW of La Parguera, Puerto Rico","Puerto Rico","2021-06-30 09:20:03","2021-09-09 22:06:02",2021,6,30,Wednesday,3.78,strong,md,12,shallow,-67.1,17.9441,earthquake,0,",pr,us,",pr,NULL,5,3.8,2.817,",dyfi,moment-tensor,origin,phase-data,shakemap,",222,2021181005,",pr2021181005,us6000er1n,",23,0.0613,0.19,237,reviewed
us6000er1j,"central Peru","central Peru","2021-06-30 08:42:07","2021-09-09 22:06:02",2021,6,30,Wednesday,4.1,strong,mb,81.41,deep,-74.3898,-14.7044,earthquake,0,",us,",us,NULL,0,0,0,",origin,phase-data,",259,6000er1j,",us6000er1j,",45.59407818144721,3.604,0.67,148,reviewed
us6000er1e,"138 km N of Calama, Chile",Chile,"2021-06-30 08:05:15","2021-09-09 22:06:01",2021,6,30,Wednesday,4,strong,mb,117,deep,-68.699,-21.2253,earthquake,0,",us,",us,NULL,0,0,0,",origin,phase-data,",246,6000er1e,",us6000er1e,",45.59407818144721,0.758,0.84,58,reviewed
us7000eivi,"67 km NW of Isangel, Vanuatu",Vanuatu,"2021-06-30 05:42:11","2021-09-09 22:06:50",2021,6,30,Wednesday,4.6,strong,mb,77.22,deep,168.8075,-19.1336,earthquake,0,",us,",us,NULL,0,0,0,",origin,phase-data,",326,7000eivi,",us7000eivi,",45.59407818144721,3.667,0.23,155,reviewed
us7000eiwk,"7 km SW of La Unión, Mexico",Mexico,"2021-06-30 03:54:03","2021-09-09 22:06:53",2021,6,30,Wednesday,4.3,strong,mb,35,shallow,-101.8564,17.9365,earthquake,0,",us,",us,NULL,6,3.8,0,",dyfi,origin,phase-data,",287,7000eiwk,",us7000eiwk,",45.59407818144721,0.496,0.83,176,reviewed
us6000er0c,"44 km SE of Namie, Japan",Japan,"2021-06-30 03:53:21","2021-09-09 22:06:00",2021,6,30,Wednesday,4,strong,mwr,44.12,shallow,141.3935,37.2356,earthquake,0,",us,",us,NULL,0,0,0,",moment-tensor,origin,phase-data,",246,6000er0c,",us6000er0c,",45.59407818144721,2.645,0.49,114,reviewed
us7000eivh,"south of the Kermadec Islands","south of the Kermadec Islands","2021-06-30 03:44:51","2021-09-09 22:06:49",2021,6,30,Wednesday,4.5,strong,mb,35,shallow,-178.9548,-33.1538,earthquake,0,",us,",us,NULL,0,0,0,",origin,phase-data,",312,7000eivh,",us7000eivh,",45.59407818144721,4.934,0.88,128,reviewed
us6000er0a,"0 km WNW of La Unión, Mexico",Mexico,"2021-06-30 03:39:49","2021-09-09 22:05:59",2021,6,30,Wednesday,4.2,strong,mb,35,shallow,-101.8136,17.9901,earthquake,0,",us,",us,NULL,7,3.8,0,",dyfi,origin,phase-data,",274,6000er0a,",us6000er0a,",45.59407818144721,0.505,0.85,81,reviewed
us7000eivg,"181 km N of Likisá, Timor Leste","Timor Leste","2021-06-30 03:04:25","2021-09-09 22:06:49",2021,6,30,Wednesday,4.6,strong,mb,493.72,deep,125.1884,-6.954,earthquake,0,",us,",us,NULL,0,0,0,",origin,phase-data,",326,7000eivg,",us7000eivg,",45.59407818144721,2.928,0.68,97,reviewed
us6000er03,"25 km SSW of Aslanapa, Turkey",Turkey,"2021-06-30 03:00:11","2021-09-09 22:05:58",2021,6,30,Wednesday,4.3,strong,mb,10,shallow,29.7084,39.0238,earthquake,0,",us,",us,NULL,0,0,0,",origin,phase-data,",284,6000er03,",us6000er03,",45.59407818144721,1.031,0.67,65,reviewed
us6000er01,"125 km ESE of Atka, Alaska",Alaska,"2021-06-30 02:57:34","2021-09-09 22:05:58",2021,6,30,Wednesday,4.6,strong,mb,20.87,shallow,-172.4303,51.9273,earthquake,0,",ak,us,",us,NULL,0,0,3.138,",origin,phase-data,shakemap,",326,6000er01,",ak0218bdsyxq,us6000er01,",45.59407818144721,1.082,0.54,124,reviewed
pr2021181002,"95 km ENE of Cruz Bay, U.S. Virgin Islands","U.S. Virgin Islands","2021-06-30 02:52:50","2021-09-09 22:05:59",2021,6,30,Wednesday,3.67,strong,md,41,shallow,-64.0261,18.7796,earthquake,0,",us,pr,",pr,NULL,0,0,0,",origin,phase-data,",207,2021181002,",us6000er04,pr2021181002,",15,1.3422,0.42,344,reviewed
hv72555042,"3 km SSW of P?hala, Hawaii",Hawaii,"2021-06-30 01:04:33","2022-08-09 05:45:13",2021,6,30,Wednesday,3.05,strong,ml,35.7,shallow,-155.4915,19.176,earthquake,0,",us,hv,",hv,NULL,2,2,0,",dyfi,origin,phase-data,",144,72555042,",us6000eqzg,hv72555042,",57,3.184254625848399,0.11,87,reviewed
us6000eqz9,"119 km ENE of Diego de Almagro, Chile",Chile,"2021-06-30 00:39:23","2021-09-09 22:05:57",2021,6,30,Wednesday,4,strong,mb,126.04,deep,-68.9704,-25.9097,earthquake,0,",us,",us,NULL,0,0,0,",origin,phase-data,",246,6000eqz9,",us6000eqz9,",45.59407818144721,0.932,1.01,89,reviewed
us6000eqz8,"15 km NE of Stanley, Idaho",Idaho,"2021-06-30 00:27:16","2021-09-09 22:05:57",2021,6,30,Wednesday,3.3,strong,ml,10,shallow,-114.7912,44.3059,earthquake,0,",us,mb,",us,NULL,13,3,0,",dyfi,origin,phase-data,",171,6000eqz8,",us6000eqz8,mb80512249,",45.59407818144721,0.791,0.56,61,reviewed
us7000eive,"138 km S of Hihifo, Tonga",Tonga,"2021-06-30 00:16:38","2021-09-09 22:06:49",2021,6,30,Wednesday,4.5,strong,mb,10,shallow,-173.6655,-17.2017,earthquake,0,",us,",us,NULL,0,0,0,",origin,phase-data,",312,7000eive,",us7000eive,",45.59407818144721,3.743,1.15,136,reviewed
us6000eqyx,"171 km SSE of Sarangani, Philippines",Philippines,"2021-06-29 23:36:19","2021-09-09 22:05:57",2021,6,29,Tuesday,4.5,strong,mb,151.24,deep,125.8904,3.9102,earthquake,0,",us,",us,NULL,0,0,0,",origin,phase-data,",312,6000eqyx,",us6000eqyx,",45.59407818144721,0.424,0.83,69,reviewed
us6000eqyw,"59 km E of Juneau, Alaska",Alaska,"2021-06-29 23:12:42","2021-09-09 22:05:56",2021,6,29,Tuesday,3.1,strong,ml,2.77,shallow,-133.4187,58.3661,earthquake,0,",us,",us,NULL,0,0,0,",origin,phase-data,",148,6000eqyw,",us6000eqyw,",45.59407818144721,0.587,0.39,170,reviewed
us6000eqy7,"221 km SSE of Amahai, Indonesia",Indonesia,"2021-06-29 21:28:41","2021-09-09 22:05:55",2021,6,29,Tuesday,4.6,strong,mb,259.29,deep,129.4352,-5.2708,earthquake,0,",us,",us,NULL,0,0,0,",origin,phase-data,",326,6000eqy7,",us6000eqy7,",45.59407818144721,0.878,0.83,67,reviewed
us7000eiak,"238 km SE of Sarangani, Philippines",Philippines,"2021-06-29 20:31:04","2021-09-09 22:06:48",2021,6,29,Tuesday,4.1,strong,mb,14.11,shallow,126.6753,3.621,earthquake,0,",us,",us,NULL,0,0,0,",origin,phase-data,",259,7000eiak,",us7000eiak,",45.59407818144721,2.913,0.83,128,reviewed
us6000eqxc,"149 km NNW of The Valley, Anguilla",Anguilla,"2021-06-29 19:26:03","2021-09-09 22:05:55",2021,6,29,Tuesday,3.4,strong,ml,10,shallow,-63.4506,19.5121,earthquake,0,",us,",us,NULL,0,0,0,",origin,phase-data,",178,6000eqxc,",us6000eqxc,",45.59407818144721,1.497,0.65,234,reviewed
us6000eqyg,"68 km NNE of Leh, India",India,"2021-06-29 19:24:35","2021-09-09 22:05:56",2021,6,29,Tuesday,3.7,strong,mb,10,shallow,77.9908,34.6873,earthquake,0,",us,",us,NULL,1,2,0,",dyfi,origin,phase-data,",211,6000eqyg,",us6000eqyg,",45.59407818144721,4.049,0.91,183,reviewed
us7000eiaj,"126 km WNW of Hihifo, Tonga",Tonga,"2021-06-29 18:33:56","2021-09-09 22:06:48",2021,6,29,Tuesday,4.3,strong,mb,249.14,deep,-174.8383,-15.4173,earthquake,0,",us,",us,NULL,0,0,0,",origin,phase-data,",284,7000eiaj,",us7000eiaj,",45.59407818144721,3.315,0.49,117,reviewed
us6000eqwk,"Leeward Islands","Leeward Islands","2021-06-29 18:15:07","2021-09-09 22:05:54",2021,6,29,Tuesday,3.5,strong,ml,10,shallow,-63.4691,19.2424,earthquake,0,",us,",us,NULL,0,0,0,",origin,phase-data,",188,6000eqwk,",us6000eqwk,",45.59407818144721,1.243,0.58,225,reviewed
us7000eiaf,"126 km WSW of Ternate, Indonesia",Indonesia,"2021-06-29 17:55:37","2021-09-09 22:06:47",2021,6,29,Tuesday,4.5,strong,mb,10,shallow,126.3534,0.3063,earthquake,0,",us,",us,NULL,0,0,0,",origin,phase-data,",312,7000eiaf,",us7000eiaf,",45.59407818144721,1.113,0.82,67,reviewed
us7000eiae,"south of the Fiji Islands","south of the Fiji Islands","2021-06-29 17:15:27","2021-09-09 22:06:47",2021,6,29,Tuesday,4.5,strong,mb,523.79,deep,179.9474,-23.6607,earthquake,0,",us,",us,NULL,0,0,0,",origin,phase-data,",312,7000eiae,",us7000eiae,",45.59407818144721,6.147,0.78,89,reviewed
us6000eqw3,"off the coast of Oregon","off the coast of Oregon","2021-06-29 17:03:30","2021-09-09 22:05:54",2021,6,29,Tuesday,4,strong,mb,12.87,shallow,-128.9412,43.9591,earthquake,0,",us,",us,NULL,5,2.2,0,",dyfi,origin,phase-data,",247,6000eqw3,",us6000eqw3,",45.59407818144721,1.945,1.06,187,reviewed
us7000eiah,"49 km SSE of ?funato, Japan",Japan,"2021-06-29 16:36:11","2021-09-09 22:06:47",2021,6,29,Tuesday,4.1,strong,mb,79.74,deep,141.985,38.6817,earthquake,0,",us,",us,NULL,0,0,0,",origin,phase-data,",259,7000eiah,",us7000eiah,",45.59407818144721,2.221,0.48,182,reviewed
us7000eiwj,"114 km S of San Francisco del Mar Viejo, Mexico",Mexico,"2021-06-29 16:10:46","2021-09-09 22:06:52",2021,6,29,Tuesday,4.2,strong,mb,35,shallow,-94.6656,15.2014,earthquake,0,",us,",us,NULL,0,0,0,",origin,phase-data,",271,7000eiwj,",us7000eiwj,",45.59407818144721,1.482,1.23,193,reviewed
us6000equq,"70 km SW of Jiquilillo, Nicaragua",Nicaragua,"2021-06-29 15:41:14","2021-09-09 22:05:53",2021,6,29,Tuesday,4.5,strong,mb,51.97,shallow,-87.9648,12.3569,earthquake,0,",us,",us,NULL,0,0,0,",origin,phase-data,",312,6000equq,",us6000equq,",45.59407818144721,0.981,0.35,183,reviewed
us7000eiad,"south of the Fiji Islands","south of the Fiji Islands","2021-06-29 15:36:09","2021-09-09 22:06:46",2021,6,29,Tuesday,4.5,strong,mb,536.63,deep,-179.7823,-24.4218,earthquake,0,",us,",us,NULL,0,0,0,",origin,phase-data,",312,7000eiad,",us7000eiad,",45.59407818144721,6.944,0.66,184,reviewed
us7000eiag,"174 km ENE of Lospalos, Timor Leste","Timor Leste","2021-06-29 15:31:06","2021-09-09 22:06:47",2021,6,29,Tuesday,4.3,strong,mb,130.14,deep,128.3216,-7.6486,earthquake,0,",us,",us,NULL,0,0,0,",origin,phase-data,",284,7000eiag,",us7000eiag,",45.59407818144721,2.968,1,57,reviewed
us6000equk,"6 km ESE of Nueva América, Mexico",Mexico,"2021-06-29 15:21:10","2021-09-09 22:05:53",2021,6,29,Tuesday,4.4,strong,mb,233.18,deep,-92.2512,15.9094,earthquake,0,",us,",us,NULL,1,2.2,0,",dyfi,origin,phase-data,",298,6000equk,",us6000equk,",45.59407818144721,0.386,0.89,77,reviewed
us6000equg,"5 km E of Soroa, Cuba",Cuba,"2021-06-29 15:00:13","2022-08-09 05:44:47",2021,6,29,Tuesday,4.7,strong,mb,10,shallow,-82.9632,22.7942,earthquake,0,",us,",us,NULL,2,5.8,0,",dyfi,origin,phase-data,",341,6000equg,",us6000equg,",45.59407818144721,0.041,0.8,49,reviewed
us6000equ9,"259 km SE of Perryville, Alaska",Alaska,"2021-06-29 14:36:06","2021-09-09 22:05:52",2021,6,29,Tuesday,4.1,strong,mb,10,shallow,-156.2308,54.2885,earthquake,0,",ak,us,",us,NULL,0,0,1,",origin,phase-data,shakemap,",259,6000equ9,",ak02189xa954,us6000equ9,",45.59407818144721,1.576,0.78,168,reviewed
us7000eiam,"141 km NE of Tobelo, Indonesia",Indonesia,"2021-06-29 14:30:03","2021-09-09 22:06:48",2021,6,29,Tuesday,4.6,strong,mb,35,shallow,128.9963,2.5363,earthquake,0,",us,",us,NULL,0,0,0,",origin,phase-data,",326,7000eiam,",us7000eiam,",45.59407818144721,2.392,0.51,92,reviewed
us7000eiab,"126 km NE of Tobelo, Indonesia",Indonesia,"2021-06-29 14:29:54","2021-09-09 22:06:46",2021,6,29,Tuesday,4.4,strong,mb,35,shallow,128.8697,2.4717,earthquake,0,",us,",us,NULL,0,0,0,",origin,phase-data,",298,7000eiab,",us7000eiab,",45.59407818144721,2.26,0.51,79,reviewed
us6000equ8,"south of the Fiji Islands","south of the Fiji Islands","2021-06-29 14:29:02","2021-09-09 22:05:52",2021,6,29,Tuesday,4.6,strong,mb,512.76,deep,-179.8294,-24.4654,earthquake,0,",us,",us,NULL,0,0,0,",origin,phase-data,",326,6000equ8,",us6000equ8,",45.59407818144721,6.973,0.74,78,reviewed
us6000equ7,"125 km NE of Tobelo, Indonesia",Indonesia,"2021-06-29 14:24:37","2021-09-09 22:05:52",2021,6,29,Tuesday,4.7,strong,mb,35,shallow,128.8715,2.4662,earthquake,0,",us,",us,NULL,0,0,0,",origin,phase-data,",340,6000equ7,",us6000equ7,",45.59407818144721,2.257,0.75,79,reviewed
us7000eiaa,"101 km WSW of Lata, Solomon Islands","Solomon Islands","2021-06-29 14:18:48","2021-09-09 22:06:46",2021,6,29,Tuesday,4.5,strong,mb,10,shallow,164.9073,-10.9712,earthquake,0,",us,",us,NULL,0,0,0,",origin,phase-data,",312,7000eiaa,",us7000eiaa,",45.59407818144721,4.979,0.44,101,reviewed
us6000equ0,"127 km NE of Tobelo, Indonesia",Indonesia,"2021-06-29 13:40:42","2021-09-09 22:05:51",2021,6,29,Tuesday,4.6,strong,mb,35,shallow,128.9241,2.4274,earthquake,0,",us,",us,NULL,0,0,0,",origin,phase-data,",326,6000equ0,",us6000equ0,",45.59407818144721,2.264,0.79,117,reviewed
us7000eia9,"17 km ENE of Touho, New Caledonia","New Caledonia","2021-06-29 13:29:32","2021-09-09 22:06:46",2021,6,29,Tuesday,4.5,strong,mb,13.65,shallow,165.4172,-20.7583,earthquake,0,",us,",us,NULL,0,0,0,",origin,phase-data,",312,7000eia9,",us7000eia9,",45.59407818144721,1.079,0.55,117,reviewed
pr2021180012,"148 km NNE of Cruz Bay, U.S. Virgin Islands","U.S. Virgin Islands","2021-06-29 12:44:52","2021-09-09 22:05:51",2021,6,29,Tuesday,4.06,strong,md,43,shallow,-64.112,19.5058,earthquake,0,",pr,pt,us,",pr,NULL,1,2,0,",dyfi,internal-origin,origin,phase-data,",254,2021180012,",pr2021180012,pt21180000,us6000eqtf,",19,1.6751,0.31,321,reviewed
us7000eia7,"213 km E of Biak, Indonesia",Indonesia,"2021-06-29 12:37:39","2021-09-09 22:06:45",2021,6,29,Tuesday,4.3,strong,mb,34.28,shallow,137.9924,-1.3758,earthquake,0,",us,",us,NULL,0,0,0,",origin,phase-data,",284,7000eia7,",us7000eia7,",45.59407818144721,2.936,0.57,91,reviewed
us7000eia6,"Kermadec Islands, New Zealand","New Zealand","2021-06-29 12:30:35","2021-09-09 22:06:45",2021,6,29,Tuesday,4.7,strong,mb,89.9,deep,-178.5456,-30.6819,earthquake,0,",us,",us,NULL,0,0,0,",origin,phase-data,",340,7000eia6,",us7000eia6,",45.59407818144721,7.341,0.57,125,reviewed
pr2021180010,"4 km ESE of La Parguera, Puerto Rico","Puerto Rico","2021-06-29 10:19:38","2021-09-09 22:05:50",2021,6,29,Tuesday,3.18,strong,md,10,shallow,-67.0128,17.9576,earthquake,0,",us,pr,",pr,NULL,0,0,0,",origin,phase-data,",156,2021180010,",us6000eqt1,pr2021180010,",23,0.0336,0.12,206,reviewed
us6000eqsq,"93 km W of San Antonio de los Cobres, Argentina",Argentina,"2021-06-29 10:15:54","2021-09-09 22:05:50",2021,6,29,Tuesday,4.4,strong,mwr,174,deep,-67.2237,-24.3842,earthquake,0,",us,",us,NULL,0,0,0,",origin,phase-data,",298,6000eqsq,",us6000eqsq,",45.59407818144721,1.673,0.57,43,reviewed
us6000eqsi,"41 km SW of Colipapa, Philippines",Philippines,"2021-06-29 08:56:05","2021-09-09 22:05:49",2021,6,29,Tuesday,4.6,strong,mb,62.43,shallow,122.3194,9.1836,earthquake,0,",us,",us,NULL,1,3.4,0,",dyfi,origin,phase-data,",326,6000eqsi,",us6000eqsi,",45.59407818144721,3.85,0.78,90,reviewed
ak02189trnp7,"60 km S of Akhiok, Alaska",Alaska,"2021-06-29 08:45:36","2021-09-09 22:05:49",2021,6,29,Tuesday,4.3,strong,ml,20.1,shallow,-154.2822,56.4038,earthquake,1,",at,ak,us,",ak,green,0,0,3.188,",impact-link,losspager,moment-tensor,origin,phase-data,shakemap,",284,02189trnp7,",at00qvggby,ak02189trnp7,us6000eqsa,",45.59407818144721,3.184254625848399,0.54,121.80208981074368,reviewed
pr2021180009,"51 km NNW of San Antonio, Puerto Rico","Puerto Rico","2021-06-29 08:23:18","2021-06-29 08:46:19",2021,6,29,Tuesday,3.45,strong,md,20,shallow,-67.3243,18.9085,earthquake,0,",pr,",pr,NULL,0,0,0,",origin,phase-data,",183,2021180009,",pr2021180009,",21,0.4898,0.37,271,reviewed
us6000eqs4,"163 km SSE of Sarangani, Philippines",Philippines,"2021-06-29 07:35:28","2025-12-22 19:03:12",2021,6,29,Tuesday,4.7,strong,mb,154.42,deep,125.8465,3.9761,earthquake,0,",iscgem,us,",us,NULL,0,0,0,",origin,phase-data,",340,6000eqs4,",iscgem620574417,us6000eqs4,",45.59407818144721,3.084,1.01,43,reviewed
us6000eqry,"117 km SSW of Uyuni, Bolivia",Bolivia,"2021-06-29 07:05:50","2021-09-09 22:05:49",2021,6,29,Tuesday,4.4,strong,mb,184.2,deep,-67.336,-21.4077,earthquake,0,",us,",us,NULL,1,1,0,",dyfi,origin,phase-data,",298,6000eqry,",us6000eqry,",45.59407818144721,1.724,0.86,42,reviewed
us6000eqrh,"32 km ESE of Miyazaki, Japan",Japan,"2021-06-29 05:55:51","2021-09-09 22:05:48",2021,6,29,Tuesday,5,strong,mb,49.86,shallow,131.7087,31.7709,earthquake,0,",us,",us,NULL,0,0,0,",origin,phase-data,",385,6000eqrh,",us6000eqrh,",45.59407818144721,1.102,1.16,113,reviewed
us6000eqrb,"58 km ESE of Yilan, Taiwan",Taiwan,"2021-06-29 05:30:56","2021-09-09 22:05:48",2021,6,29,Tuesday,4.6,strong,mb,65.56,shallow,122.2732,24.5316,earthquake,0,",us,",us,NULL,0,0,0,",origin,phase-data,",326,6000eqrb,",us6000eqrb,",45.59407818144721,0.675,0.47,55,reviewed
us7000eiwi,"23 km NW of Francisco I. Madero, Mexico",Mexico,"2021-06-29 04:56:39","2021-09-09 22:06:52",2021,6,29,Tuesday,4.2,strong,mb,147.17,deep,-93.9268,16.9362,earthquake,0,",us,",us,NULL,0,0,0,",origin,phase-data,",271,7000eiwi,",us7000eiwi,",45.59407818144721,0.433,0.91,108,reviewed
pr2021180006,"4 km W of Mayagüez, Puerto Rico","Puerto Rico","2021-06-29 04:43:59","2022-08-09 05:44:17",2021,6,29,Tuesday,3.57,strong,md,100,deep,-67.18,18.1998,earthquake,0,",pr,us,",pr,NULL,1,2,2.17,",dyfi,origin,phase-data,shakemap,",196,2021180006,",pr2021180006,us6000eqr4,",28,0.0392,0.2,145,reviewed
us6000eqqt,"39 km SSE of Tinogasta, Argentina",Argentina,"2021-06-29 04:01:19","2021-09-09 22:05:47",2021,6,29,Tuesday,4.5,strong,mb,117.94,deep,-67.4676,-28.4063,earthquake,0,",us,",us,NULL,1,1,0,",dyfi,origin,phase-data,",312,6000eqqt,",us6000eqqt,",45.59407818144721,2.149,0.84,63,reviewed
us6000eqqm,"22 km NNW of Ergani, Turkey",Turkey,"2021-06-29 03:41:57","2021-09-09 22:05:46",2021,6,29,Tuesday,4.1,strong,mb,6.77,shallow,39.6178,38.4368,earthquake,0,",us,",us,NULL,0,0,0,",moment-tensor,origin,phase-data,",259,6000eqqm,",us6000eqqm,",45.59407818144721,1.197,0.78,37,reviewed
us6000eqqa,"46 km ESE of Port-Olry, Vanuatu",Vanuatu,"2021-06-29 03:14:14","2025-12-22 19:04:07",2021,6,29,Tuesday,5.3,strong,mww,119.24,deep,167.4735,-15.2006,earthquake,0,",usauto,iscgem,us,",us,NULL,0,0,0,",internal-moment-tensor,origin,phase-data,",432,6000eqqa,",usauto6000eqqa,iscgem620784552,us6000eqqa,",45.59407818144721,0.357,0.8,28,reviewed
us7000eia2,"188 km WSW of Cable Beach, Australia",Australia,"2021-06-29 02:17:22","2021-09-09 22:06:45",2021,6,29,Tuesday,4.4,strong,mb,10,shallow,120.4944,-18.4234,earthquake,0,",us,",us,NULL,0,0,0,",origin,phase-data,",298,7000eia2,",us7000eia2,",45.59407818144721,2.814,0.79,96,reviewed
pr2021180001,"5 km WSW of La Parguera, Puerto Rico","Puerto Rico","2021-06-29 02:05:41","2021-09-09 22:05:46",2021,6,29,Tuesday,3.49,strong,md,11,shallow,-67.0906,17.954,earthquake,0,",us,pr,",pr,NULL,2,2,2.718,",dyfi,origin,phase-data,shakemap,",188,2021180001,",us6000eqpu,pr2021180001,",25,0.0489,0.09,235,reviewed
us7000eia1,"3 km ESE of Yachimata, Japan",Japan,"2021-06-29 01:42:11","2021-09-09 22:06:44",2021,6,29,Tuesday,4.3,strong,mb,44.66,shallow,140.3552,35.6419,earthquake,0,",us,",us,NULL,0,0,0,",origin,phase-data,",284,7000eia1,",us7000eia1,",45.59407818144721,1.956,0.45,140,reviewed
nc73580646,"3km N of San Lorenzo, CA",CA,"2021-06-29 01:29:48","2025-03-24 05:05:57",2021,6,29,Tuesday,3.9,strong,mw,9.2,shallow,-122.1223333,37.7061667,earthquake,1,",ew,nc,at,us,",nc,NULL,12071,4.3,4.297,",dyfi,focal-mechanism,impact-link,moment-tensor,nearby-cities,origin,phase-data,scitech-link,shake-alert,shakemap,",664,73580646,",ew1624930188,nc73580646,at00qvfw5n,us6000eqpm,",160,0.0151,0.13,14,reviewed
us6000eqp9,"10 km NNW of Palma Sola, Argentina",Argentina,"2021-06-29 00:31:55","2021-09-09 22:05:45",2021,6,29,Tuesday,4.7,strong,mb,10,shallow,-64.3535,-23.8943,earthquake,0,",us,",us,NULL,0,0,0,",origin,phase-data,",340,6000eqp9,",us6000eqp9,",45.59407818144721,1.845,0.71,50,reviewed
us6000eqp1,"189 km NE of Tual, Indonesia",Indonesia,"2021-06-29 00:09:18","2021-09-09 22:05:44",2021,6,29,Tuesday,4.6,strong,mb,10,shallow,133.9968,-4.4488,earthquake,0,",us,",us,NULL,0,0,0,",origin,phase-data,",326,6000eqp1,",us6000eqp1,",45.59407818144721,2.313,1.02,64,reviewed
us7000ei9z,"south of the Fiji Islands","south of the Fiji Islands","2021-06-29 00:01:36","2021-09-09 22:06:44",2021,6,29,Tuesday,4.3,strong,mb,528.3,deep,-179.751,-24.3817,earthquake,0,",us,",us,NULL,0,0,0,",origin,phase-data,",284,7000ei9z,",us7000ei9z,",45.59407818144721,6.914,0.77,134,reviewed
us6000eqns,"El Salvador","El Salvador","2021-06-29 00:00:19","2021-09-09 22:05:44",2021,6,29,Tuesday,4.6,strong,mb,68.43,shallow,-89.2955,13.1536,earthquake,0,",us,",us,NULL,11,3.4,0,",dyfi,origin,phase-data,",329,6000eqns,",us6000eqns,",45.59407818144721,0.656,0.74,131,reviewed
us7000ei8r,"Fiji region","Fiji region","2021-06-28 23:33:10","2021-09-09 22:06:44",2021,6,28,Monday,4,strong,mb,446.14,deep,-177.851,-18.9848,earthquake,0,",us,",us,NULL,0,0,0,",origin,phase-data,",246,7000ei8r,",us7000ei8r,",45.59407818144721,7.704,0.6,130,reviewed
us7000ei8q,"29 km NW of Dali, China",China,"2021-06-28 22:41:30","2021-09-09 22:06:44",2021,6,28,Monday,4.1,strong,mb,10,shallow,100.0072,25.7746,earthquake,0,",us,",us,NULL,0,0,0,",origin,phase-data,",259,7000ei8q,",us7000ei8q,",45.59407818144721,4.484,0.79,83,reviewed
us6000eqms,"21 km N of Wright, Wyoming",Wyoming,"2021-06-28 21:55:31","2021-09-09 22:05:43",2021,6,28,Monday,3.3,strong,ml,0,shallow,-105.5368,43.9436,"mining explosion",0,",us,",us,NULL,0,0,0,",origin,phase-data,",168,6000eqms,",us6000eqms,",45.59407818144721,1.097,1.15,121,reviewed
us7000ei8p,"168 km SE of Tondano, Indonesia",Indonesia,"2021-06-28 21:37:33","2021-09-09 22:06:43",2021,6,28,Monday,4.1,strong,mb,35,shallow,125.7838,0.0647,earthquake,0,",us,",us,NULL,0,0,0,",origin,phase-data,",259,7000ei8p,",us7000ei8p,",45.59407818144721,1.731,0.76,97,reviewed
pr2021179014,"5 km WSW of La Parguera, Puerto Rico","Puerto Rico","2021-06-28 21:29:29","2021-09-09 22:05:42",2021,6,28,Monday,3.48,strong,md,12,shallow,-67.0908,17.9551,earthquake,0,",pr,us,",pr,NULL,1,3.1,2.216,",dyfi,origin,phase-data,shakemap,",187,2021179014,",pr2021179014,us6000eqmi,",24,0.0487,0.11,235,reviewed
us6000eqmj,"south of the Fiji Islands","south of the Fiji Islands","2021-06-28 20:59:05","2021-09-09 22:05:42",2021,6,28,Monday,4.4,strong,mb,494.45,deep,-179.7924,-23.8958,earthquake,0,",us,",us,NULL,0,0,0,",origin,phase-data,",298,6000eqmj,",us6000eqmj,",45.59407818144721,6.443,0.61,163,reviewed
ak02188dffte,"52 km WNW of Aleneva, Alaska",Alaska,"2021-06-28 20:54:35","2021-09-09 22:05:41",2021,6,28,Monday,3.2,strong,ml,77.6,deep,-153.7463,58.2238,earthquake,0,",us,ak,",ak,NULL,0,0,0,",origin,phase-data,",158,02188dffte,",us6000eqm0,ak02188dffte,",45.59407818144721,3.184254625848399,0.67,121.80208981074368,reviewed
us7000ei8l,"160 km NNE of Palu, Indonesia",Indonesia,"2021-06-28 20:03:05","2021-09-09 22:06:42",2021,6,28,Monday,4.2,strong,mb,57.43,shallow,120.3581,0.4538,earthquake,0,",us,",us,NULL,0,0,0,",origin,phase-data,",271,7000ei8l,",us7000ei8l,",45.59407818144721,0.778,0.48,89,reviewed
us6000eqlz,"southern Mid-Atlantic Ridge","southern Mid-Atlantic Ridge","2021-06-28 18:09:38","2025-12-22 18:01:10",2021,6,28,Monday,5,strong,mb,10,shallow,-16.3114,-41.6808,earthquake,0,",iscgem,us,",us,NULL,0,0,0,",origin,phase-data,",385,6000eqlz,",iscgem620573076,us6000eqlz,",45.59407818144721,18.392,0.71,67,reviewed
us7000ei8k,"south of the Fiji Islands","south of the Fiji Islands","2021-06-28 17:39:02","2021-09-09 22:06:42",2021,6,28,Monday,4.1,strong,mb,446.27,deep,-178.74,-22.3839,earthquake,0,",us,",us,NULL,0,0,0,",origin,phase-data,",259,7000ei8k,",us7000ei8k,",45.59407818144721,5.512,0.53,168,reviewed
us7000ei8i,"4 km NNW of Oyskhara, Russia",Russia,"2021-06-28 16:53:39","2021-09-09 22:06:42",2021,6,28,Monday,4.3,strong,mb,10,shallow,46.2292,43.3059,earthquake,0,",us,",us,NULL,0,0,0,",origin,phase-data,",284,7000ei8i,",us7000ei8i,",45.59407818144721,2.46,0.81,46,reviewed
us7000ei8n,"south of Tonga","south of Tonga","2021-06-28 15:34:10","2021-09-09 22:06:43",2021,6,28,Monday,4.6,strong,mb,10,shallow,-175.6627,-25.1487,earthquake,0,",us,",us,NULL,0,0,0,",origin,phase-data,",326,7000ei8n,",us7000ei8n,",45.59407818144721,9.406,0.97,159,reviewed
us7000ei8m,"74 km NE of Laikit, Laikit II (Dimembe), Indonesia",Indonesia,"2021-06-28 15:06:38","2021-09-09 22:06:43",2021,6,28,Monday,4.2,strong,mb,57.36,shallow,125.5053,1.8933,earthquake,0,",us,",us,NULL,0,0,0,",origin,phase-data,",271,7000ei8m,",us7000ei8m,",45.59407818144721,2.168,0.83,138,reviewed
us7000ei8g,"Fiji region","Fiji region","2021-06-28 14:26:34","2021-09-09 22:06:41",2021,6,28,Monday,4.1,strong,mb,596.62,deep,-177.471,-18.5895,earthquake,0,",us,",us,NULL,0,0,0,",origin,phase-data,",259,7000ei8g,",us7000ei8g,",45.59407818144721,4.337,0.47,167,reviewed
uu60442307,"17 km NE of West Yellowstone, Montana",Montana,"2021-06-28 14:02:30","2021-09-09 22:05:38",2021,6,28,Monday,3.14,strong,ml,10.94,shallow,-110.9168333,44.7518333,earthquake,0,",uu,us,",uu,NULL,1,1,0,",dyfi,moment-tensor,origin,phase-data,",152,60442307,",uu60442307,us6000eqhp,",30,0.0597,0.18,98,reviewed
us6000eqhr,"47 km E of Luganville, Vanuatu",Vanuatu,"2021-06-28 14:00:43","2021-09-09 22:05:39",2021,6,28,Monday,4.8,strong,mb,96.39,deep,167.6091,-15.5306,earthquake,0,",us,",us,NULL,0,0,0,",origin,phase-data,",354,6000eqhr,",us6000eqhr,",45.59407818144721,0.4,1.19,60,reviewed
us6000eqhm,"128 km NE of San Pedro de Atacama, Chile",Chile,"2021-06-28 13:56:11","2021-09-09 22:05:38",2021,6,28,Monday,4.3,strong,mb,212.98,deep,-67.4079,-22.0112,earthquake,0,",us,",us,NULL,0,0,0,",origin,phase-data,",284,6000eqhm,",us6000eqhm,",45.59407818144721,1.176,0.44,95,reviewed
pr2021179007,"6 km WSW of La Parguera, Puerto Rico","Puerto Rico","2021-06-28 12:51:03","2021-06-28 13:17:59",2021,6,28,Monday,3.17,strong,md,11,shallow,-67.1015,17.9466,earthquake,0,",pr,",pr,NULL,0,0,0,",origin,phase-data,",155,2021179007,",pr2021179007,",16,0.0603,0.14,274,reviewed
pr2021179006,"47 km N of Hatillo, Puerto Rico","Puerto Rico","2021-06-28 12:03:37","2021-09-09 22:05:38",2021,6,28,Monday,3.9,strong,md,50,shallow,-66.8755,18.9131,earthquake,0,",us,pr,",pr,NULL,7,2.2,0,",dyfi,origin,phase-data,",236,2021179006,",us6000eqh1,pr2021179006,",29,0.5041,0.36,190,reviewed
us7000ei8e,"102 km WNW of Sinabang, Indonesia",Indonesia,"2021-06-28 11:58:37","2021-09-09 22:06:41",2021,6,28,Monday,4.4,strong,mb,28.19,shallow,95.5044,2.7573,earthquake,0,",us,",us,NULL,0,0,0,",origin,phase-data,",298,7000ei8e,",us7000ei8e,",45.59407818144721,2.523,0.43,199,reviewed
us6000eqgw,"23 km SSW of Longquan, China",China,"2021-06-28 11:48:17","2021-09-09 22:05:37",2021,6,28,Monday,4.5,strong,mb,10,shallow,102.0482,24.4853,earthquake,0,",us,",us,NULL,1,2.7,0,",dyfi,origin,phase-data,",312,6000eqgw,",us6000eqgw,",45.59407818144721,3.581,1.09,86,reviewed
us7000ei8d,"69 km E of Union, Philippines",Philippines,"2021-06-28 11:34:10","2021-09-09 22:06:41",2021,6,28,Monday,4.5,strong,mb,25.07,shallow,126.7334,9.8463,earthquake,0,",us,",us,NULL,0,0,0,",origin,phase-data,",312,7000ei8d,",us7000ei8d,",45.59407818144721,9.037,0.81,132,reviewed
us6000eqgp,"221 km WSW of Merizo Village, Guam",Guam,"2021-06-28 11:01:03","2021-09-09 22:05:36",2021,6,28,Monday,4.6,strong,mb,101.68,deep,142.7823,12.502,earthquake,0,",us,",us,NULL,1,1,0,",dyfi,origin,phase-data,",326,6000eqgp,",us6000eqgp,",45.59407818144721,2.302,0.57,59,reviewed
us7000ei8h,"central Mid-Atlantic Ridge","central Mid-Atlantic Ridge","2021-06-28 11:00:29","2021-09-09 22:06:41",2021,6,28,Monday,4.7,strong,mb,10,shallow,-35.5127,7.4582,earthquake,0,",us,",us,NULL,0,0,0,",origin,phase-data,",340,7000ei8h,",us7000ei8h,",45.59407818144721,13.204,0.53,70,reviewed
us6000eqgb,"Bonin Islands, Japan region","Japan region","2021-06-28 09:12:43","2025-12-22 19:03:11",2021,6,28,Monday,5.1,strong,mww,13.65,shallow,143.0191,26.8158,earthquake,0,",usauto,us,iscgem,",us,NULL,0,0,0,",internal-moment-tensor,moment-tensor,origin,phase-data,",400,6000eqgb,",usauto6000eqgb,us6000eqgb,iscgem620571056,",45.59407818144721,0.795,0.73,40,reviewed
us6000eqg7,"21 km SSW of Hualien City, Taiwan",Taiwan,"2021-06-28 09:08:18","2021-09-09 22:05:35",2021,6,28,Monday,4.5,strong,mb,19.58,shallow,121.5221,23.8017,earthquake,0,",us,",us,NULL,0,0,0,",origin,phase-data,",312,6000eqg7,",us6000eqg7,",45.59407818144721,0.376,0.73,96,reviewed
us6000eqg3,"66 km ESE of Atka, AK",AK,"2021-06-28 08:57:56","2021-09-09 22:05:35",2021,6,28,Monday,4,strong,mb,62.62,shallow,-173.2779,52.0259,earthquake,0,",ak,us,",us,NULL,0,0,2.34,",origin,phase-data,shakemap,",246,6000eqg3,",ak021886axjx,us6000eqg3,",45.59407818144721,0.563,0.54,139,reviewed
us7000ei8c,"148 km SE of ‘Ohonua, Tonga",Tonga,"2021-06-28 08:13:48","2021-09-09 22:06:40",2021,6,28,Monday,4.4,strong,mb,10,shallow,-173.8786,-22.2284,earthquake,0,",us,",us,NULL,0,0,0,",origin,phase-data,",298,7000ei8c,",us7000ei8c,",45.59407818144721,8.511,0.35,166,reviewed
us6000eqfu,"60 km SW of Champerico, Guatemala",Guatemala,"2021-06-28 07:40:40","2021-09-09 22:05:34",2021,6,28,Monday,4.3,strong,mb,28.24,shallow,-92.2926,13.8887,earthquake,0,",us,",us,NULL,0,0,0,",origin,phase-data,",284,6000eqfu,",us6000eqfu,",45.59407818144721,1.013,0.6,126,reviewed
us7000ei89,"Pacific-Antarctic Ridge","Pacific-Antarctic Ridge","2021-06-28 07:40:18","2021-09-09 22:06:40",2021,6,28,Monday,4.4,strong,mb,10,shallow,-142.4594,-57.4746,earthquake,0,",us,",us,NULL,0,0,0,",origin,phase-data,",298,7000ei89,",us7000ei89,",45.59407818144721,25.343,0.42,124,reviewed
us7000ei88,"south of the Fiji Islands","south of the Fiji Islands","2021-06-28 06:50:33","2021-09-09 22:06:40",2021,6,28,Monday,4.2,strong,mb,508.01,deep,-179.3972,-23.9635,earthquake,0,",us,",us,NULL,0,0,0,",origin,phase-data,",271,7000ei88,",us7000ei88,",45.59407818144721,6.63,0.26,143,reviewed
us7000ei87,"44 km SW of Nemuro, Japan",Japan,"2021-06-28 06:13:53","2021-09-09 22:06:39",2021,6,28,Monday,4.2,strong,mb,75.65,deep,145.2487,43.0045,earthquake,0,",us,",us,NULL,0,0,0,",origin,phase-data,",271,7000ei87,",us7000ei87,",45.59407818144721,1.835,0.37,176,reviewed
us6000eqfa,"northern Mid-Atlantic Ridge","northern Mid-Atlantic Ridge","2021-06-28 05:45:53","2021-09-09 22:05:33",2021,6,28,Monday,4.9,strong,mb,10,shallow,-44.1597,11.7953,earthquake,0,",us,",us,NULL,0,0,0,",origin,phase-data,",369,6000eqfa,",us6000eqfa,",45.59407818144721,10.7,0.39,74,reviewed
pr2021179003,"5 km SW of La Parguera, Puerto Rico","Puerto Rico","2021-06-28 05:03:04","2021-09-09 22:05:33",2021,6,28,Monday,3.24,strong,md,11,shallow,-67.08,17.9368,earthquake,0,",pr,us,",pr,NULL,1,4.1,0,",dyfi,origin,phase-data,",162,2021179003,",pr2021179003,us6000eqf3,",23,0.0484,0.13,238,reviewed
us6000eqez,"southern East Pacific Rise","southern East Pacific Rise","2021-06-28 04:21:06","2025-12-22 19:03:09",2021,6,28,Monday,5.4,strong,mww,10,shallow,-109.6464,-33.2886,earthquake,0,",us,iscgem,",us,green,0,0,0,",losspager,origin,phase-data,shakemap,",449,6000eqez,",us6000eqez,iscgem620568067,",45.59407818144721,6.11,0.82,61,reviewed
us7000ei85,"27 km ESE of Estique, Peru",Peru,"2021-06-28 03:33:48","2021-09-09 22:06:39",2021,6,28,Monday,4.5,strong,mb,10,shallow,-69.7698,-17.5951,earthquake,0,",us,",us,NULL,0,0,0,",origin,phase-data,",312,7000ei85,",us7000ei85,",45.59407818144721,0.276,1,106,reviewed
us7000ei84,"46 km WSW of Finschhafen, Papua New Guinea","Papua New Guinea","2021-06-28 03:26:51","2021-09-09 22:06:39",2021,6,28,Monday,4.2,strong,mb,78.54,deep,147.4548,-6.6985,earthquake,0,",us,",us,NULL,0,0,0,",origin,phase-data,",271,7000ei84,",us7000ei84,",45.59407818144721,10.292,1.03,131,reviewed
us6000eqef,"3 km SE of Lachaqui, Peru",Peru,"2021-06-28 02:47:11","2021-09-09 22:05:32",2021,6,28,Monday,4.5,strong,mb,93.66,deep,-76.6055,-11.571,earthquake,0,",us,",us,NULL,6,2.7,0,",dyfi,origin,phase-data,",313,6000eqef,",us6000eqef,",45.59407818144721,0.474,0.8,114,reviewed
us7000ei83,"Bonin Islands, Japan region","Japan region","2021-06-28 02:38:01","2021-09-09 22:06:39",2021,6,28,Monday,4.1,strong,mb,10,shallow,143.0247,27.9572,earthquake,0,",us,",us,NULL,0,0,0,",origin,phase-data,",259,7000ei83,",us7000ei83,",45.59407818144721,1.137,0.45,215,reviewed
us6000eqe3,"54 km SE of Kupang, Indonesia",Indonesia,"2021-06-28 01:56:38","2025-12-22 19:03:09",2021,6,28,Monday,5,strong,mww,10,shallow,124.0128,-10.4538,earthquake,0,",us,usauto,iscgem,",us,NULL,1,1,0,",dyfi,internal-moment-tensor,origin,phase-data,",385,6000eqe3,",us6000eqe3,usauto6000eqe3,iscgem620568061,",45.59407818144721,0.737,1.18,44,reviewed
ak021881w8f3,"73 km NNE of Karluk, Alaska",Alaska,"2021-06-28 01:17:17","2021-09-09 22:05:31",2021,6,28,Monday,4.4,strong,ml,74.8,deep,-154.1817,58.2168,earthquake,1,",ak,at,us,",ak,green,7,2.5,2.664,",dyfi,impact-link,losspager,origin,phase-data,shakemap,",300,021881w8f3,",ak021881w8f3,at00qve0wr,us6000eqdw,",45.59407818144721,3.184254625848399,0.78,121.80208981074368,reviewed
us6000eqdp,"60 km ENE of Leh, India",India,"2021-06-28 00:40:35","2021-09-09 22:05:30",2021,6,28,Monday,4.8,strong,mb,10,shallow,78.2208,34.2781,earthquake,0,",us,",us,NULL,0,0,0,",origin,phase-data,",354,6000eqdp,",us6000eqdp,",45.59407818144721,6.763,0.97,78,reviewed
us6000eqdn,"65 km WNW of San Antonio de los Cobres, Argentina",Argentina,"2021-06-28 00:38:55","2021-09-09 22:05:30",2021,6,28,Monday,4.4,strong,mb,213.52,deep,-66.8656,-23.8977,earthquake,0,",us,",us,NULL,0,0,0,",origin,phase-data,",298,6000eqdn,",us6000eqdn,",45.59407818144721,1.53,0.86,73,reviewed
us6000eqdd,"57 km NNW of Iquique, Chile",Chile,"2021-06-27 23:55:08","2021-09-09 22:05:29",2021,6,27,Sunday,3.4,strong,ml,24.2,shallow,-70.4253,-19.7679,earthquake,0,",us,",us,NULL,1,2,0,",dyfi,origin,phase-data,",178,6000eqdd,",us6000eqdd,",45.59407818144721,0.724,0.52,182,reviewed
us7000ei6p,"47 km SE of Neiafu, Tonga",Tonga,"2021-06-27 23:45:43","2021-09-09 22:06:38",2021,6,27,Sunday,4.8,strong,mb,15.89,shallow,-173.6698,-18.9608,earthquake,0,",us,",us,NULL,0,0,0,",origin,phase-data,",354,7000ei6p,",us7000ei6p,",45.59407818144721,5.34,0.47,128,reviewed
tx2021mnee,"37 km NNW of Toyah, Texas",Texas,"2021-06-27 23:18:09","2021-09-09 22:05:29",2021,6,27,Sunday,3,strong,ml,7.93112793,shallow,-104.0002258,31.59951329,earthquake,0,",us,tx,",tx,NULL,0,0,0,",origin,phase-data,",138,2021mnee,",us6000eqd5,tx2021mnee,",16,0.07936768295,0.1,89,reviewed
us7000ei6m,"165 km W of Abepura, Indonesia",Indonesia,"2021-06-27 22:58:14","2021-09-09 22:06:38",2021,6,27,Sunday,4.4,strong,mb,35,shallow,139.1533,-2.7354,earthquake,0,",us,",us,NULL,0,0,0,",origin,phase-data,",298,7000ei6m,",us7000ei6m,",45.59407818144721,1.564,0.78,94,reviewed
us7000ei6n,"39 km ESE of Tobelo, Indonesia",Indonesia,"2021-06-27 22:51:23","2021-09-09 22:06:38",2021,6,27,Sunday,4.6,strong,mb,76.06,deep,128.3378,1.6049,earthquake,0,",us,",us,NULL,0,0,0,",origin,phase-data,",326,7000ei6n,",us7000ei6n,",45.59407818144721,1.275,0.4,82,reviewed
us6000eqc7,"55 km SE of Pundong, Indonesia",Indonesia,"2021-06-27 22:15:29","2025-12-22 19:03:08",2021,6,27,Sunday,5.1,strong,mb,85.47,deep,110.6583,-8.3453,earthquake,0,",us,iscgem,",us,NULL,23,5.2,0,",dyfi,origin,phase-data,",412,6000eqc7,",us6000eqc7,iscgem620567983,",45.59407818144721,0.45,0.98,25,reviewed
us7000ei6l,"76 km E of Gorontalo, Indonesia",Indonesia,"2021-06-27 22:05:23","2021-09-09 22:06:37",2021,6,27,Sunday,4,strong,mb,263.88,deep,123.7372,0.6514,earthquake,0,",us,",us,NULL,0,0,0,",origin,phase-data,",246,7000ei6l,",us7000ei6l,",45.59407818144721,1.939,0.62,73,reviewed
us6000eqc4,"25 km SE of Tocopilla, Chile",Chile,"2021-06-27 22:03:52","2021-09-09 22:05:28",2021,6,27,Sunday,4.4,strong,mb,66.47,shallow,-70.0538,-22.2744,earthquake,0,",us,",us,NULL,0,0,0,",origin,phase-data,",298,6000eqc4,",us6000eqc4,",45.59407818144721,0.358,0.58,130,reviewed
us7000ei6k,"south of the Fiji Islands","south of the Fiji Islands","2021-06-27 21:50:43","2021-09-09 22:06:37",2021,6,27,Sunday,4.4,strong,mb,589.06,deep,-179.5296,-22.3321,earthquake,0,",us,",us,NULL,0,0,0,",origin,phase-data,",298,7000ei6k,",us7000ei6k,",45.59407818144721,5.098,0.54,125,reviewed
us6000eqbs,"55 km E of Juneau, Alaska",Alaska,"2021-06-27 21:29:00","2021-09-09 22:05:28",2021,6,27,Sunday,3.1,strong,ml,5,shallow,-133.4762,58.3663,earthquake,0,",us,",us,NULL,0,0,0,",origin,phase-data,",148,6000eqbs,",us6000eqbs,",45.59407818144721,0.557,0.48,160,reviewed
us6000eqbr,"Kepulauan Babar, Indonesia",Indonesia,"2021-06-27 21:19:24","2021-09-09 22:05:27",2021,6,27,Sunday,4.7,strong,mb,119.81,deep,129.7776,-7.0002,earthquake,0,",us,",us,NULL,0,0,0,",origin,phase-data,",340,6000eqbr,",us6000eqbr,",45.59407818144721,1.796,0.66,48,reviewed
us7000ei6q,"Banda Sea","Banda Sea","2021-06-27 21:11:59","2021-09-09 22:06:38",2021,6,27,Sunday,4.5,strong,mb,206.72,deep,129.3811,-6.8333,earthquake,0,",us,",us,NULL,0,0,0,",origin,phase-data,",312,7000ei6q,",us7000ei6q,",45.59407818144721,2.218,0.88,85,reviewed
us6000eqbb,"148 km S of Morant Bay, Jamaica",Jamaica,"2021-06-27 20:09:50","2021-09-09 22:05:27",2021,6,27,Sunday,4.2,strong,ml,10,shallow,-76.277,16.5489,earthquake,0,",us,",us,NULL,0,0,0,",origin,phase-data,",271,6000eqbb,",us6000eqbb,",45.59407818144721,2.055,0.75,119,reviewed
nc73580166,"100km W of Petrolia, CA",CA,"2021-06-27 18:57:55","2021-09-09 22:05:25",2021,6,27,Sunday,3.14,strong,ml,6.34,shallow,-125.4583333,40.458,earthquake,0,",nc,us,",nc,NULL,0,0,0,",nearby-cities,origin,phase-data,scitech-link,",152,73580166,",nc73580166,us6000eqat,",19,0.8553,0.14,290,reviewed
us6000eqal,"134 km NNE of Calama, Chile",Chile,"2021-06-27 17:59:57","2021-09-09 22:05:25",2021,6,27,Sunday,4.3,strong,mwr,109.53,deep,-68.3982,-21.3496,earthquake,0,",us,",us,NULL,0,0,0,",origin,phase-data,",284,6000eqal,",us6000eqal,",45.59407818144721,1.061,0.94,50,reviewed
us7000ei6i,"135 km WSW of Ternate, Indonesia",Indonesia,"2021-06-27 16:48:50","2021-09-09 22:06:37",2021,6,27,Sunday,4.4,strong,mb,3.67,shallow,126.2696,0.2892,earthquake,0,",us,",us,NULL,0,0,0,",origin,phase-data,",298,7000ei6i,",us7000ei6i,",45.59407818144721,1.197,0.47,67,reviewed
us6000eqa8,"northern Mid-Atlantic Ridge","northern Mid-Atlantic Ridge","2021-06-27 16:24:31","2021-09-09 22:05:25",2021,6,27,Sunday,4.5,strong,mb,10,shallow,-27.9556,45.3461,earthquake,0,",us,",us,NULL,0,0,0,",origin,phase-data,",312,6000eqa8,",us6000eqa8,",45.59407818144721,15.02,0.42,72,reviewed
us7000ei6h,"115 km WSW of Ternate, Indonesia",Indonesia,"2021-06-27 16:21:30","2021-09-09 22:06:37",2021,6,27,Sunday,4.3,strong,mb,49.5,shallow,126.4019,0.4523,earthquake,0,",us,",us,NULL,0,0,0,",origin,phase-data,",284,7000ei6h,",us7000ei6h,",45.59407818144721,1.015,0.43,48,reviewed
us7000ei6g,"Banda Sea","Banda Sea","2021-06-27 16:15:25","2021-09-09 22:06:37",2021,6,27,Sunday,4.2,strong,mb,112.62,deep,129.8994,-6.5054,earthquake,0,",us,",us,NULL,0,0,0,",origin,phase-data,",271,7000ei6g,",us7000ei6g,",45.59407818144721,2.02,0.46,114,reviewed
us6000eq9y,"98 km SSW of Sungai Penuh, Indonesia",Indonesia,"2021-06-27 15:56:12","2021-09-09 22:05:24",2021,6,27,Sunday,5.1,strong,mb,40.3,shallow,101.0849,-2.8938,earthquake,0,",us,",us,NULL,0,0,0,",origin,phase-data,",400,6000eq9y,",us6000eq9y,",45.59407818144721,2.368,0.62,55,reviewed
us6000eq9r,"south of the Fiji Islands","south of the Fiji Islands","2021-06-27 15:45:35","2021-09-09 22:05:24",2021,6,27,Sunday,4.5,strong,mb,498.55,deep,-179.8181,-24.0362,earthquake,0,",us,",us,NULL,0,0,0,",origin,phase-data,",312,6000eq9r,",us6000eq9r,",45.59407818144721,6.568,0.7,130,reviewed
pr2021178019,"6 km SW of La Parguera, Puerto Rico","Puerto Rico","2021-06-27 15:18:12","2021-09-09 22:05:24",2021,6,27,Sunday,3.6,strong,md,11,shallow,-67.0853,17.9325,earthquake,0,",us,pr,",pr,NULL,8,3.8,2.958,",dyfi,moment-tensor,origin,phase-data,shakemap,",202,2021178019,",us6000eq9k,pr2021178019,",23,0.0552,0.12,239,reviewed
us6000eq9c,"18 km S of Tabas, Iran",Iran,"2021-06-27 14:23:15","2021-09-09 22:05:23",2021,6,27,Sunday,4.3,strong,mb,10,shallow,56.9482,33.4311,earthquake,0,",us,",us,NULL,0,0,0,",origin,phase-data,",284,6000eq9c,",us6000eq9c,",45.59407818144721,4.505,0.54,84,reviewed
us7000ei6f,"southeast of the Loyalty Islands","southeast of the Loyalty Islands","2021-06-27 14:20:48","2021-09-09 22:06:36",2021,6,27,Sunday,4.5,strong,mb,10,shallow,172.0751,-23.0244,earthquake,0,",us,",us,NULL,0,0,0,",origin,phase-data,",312,7000ei6f,",us7000ei6f,",45.59407818144721,4.29,0.97,125,reviewed
pr2021178018,"7 km WSW of La Parguera, Puerto Rico","Puerto Rico","2021-06-27 13:34:00","2021-06-27 13:54:34",2021,6,27,Sunday,3.1,strong,md,11,shallow,-67.107,17.9431,earthquake,0,",pr,",pr,NULL,0,0,0,",origin,phase-data,",148,2021178018,",pr2021178018,",21,0.0634,0.12,238,reviewed
us6000eq92,"Fiji region","Fiji region","2021-06-27 13:33:21","2021-09-09 22:05:23",2021,6,27,Sunday,4.3,strong,mb,623.95,deep,-179.3212,-20.7344,earthquake,0,",us,",us,NULL,0,0,0,",origin,phase-data,",284,6000eq92,",us6000eq92,",45.59407818144721,3.872,0.63,126,reviewed
us6000eq87,"153 km SW of Emiliano Zapata, Mexico",Mexico,"2021-06-27 11:20:07","2021-09-09 22:05:22",2021,6,27,Sunday,4.1,strong,mb,10,shallow,-105.9639,18.3808,earthquake,0,",us,",us,NULL,0,0,0,",origin,phase-data,",259,6000eq87,",us6000eq87,",45.59407818144721,4.654,1.04,237,reviewed
us7000ei6e,"69 km N of Sola, Vanuatu",Vanuatu,"2021-06-27 10:28:22","2021-09-09 22:06:36",2021,6,27,Sunday,4.4,strong,mb,175.19,deep,167.4372,-13.2535,earthquake,0,",us,",us,NULL,0,0,0,",origin,phase-data,",298,7000ei6e,",us7000ei6e,",45.59407818144721,2.192,0.95,154,reviewed
pr2021178014,"10 km SSE of Maria Antonia, Puerto Rico","Puerto Rico","2021-06-27 10:09:02","2021-09-09 22:05:21",2021,6,27,Sunday,3.12,strong,md,9,shallow,-66.862,17.8901,earthquake,0,",us,pr,",pr,NULL,0,0,0,",origin,phase-data,",150,2021178014,",us6000eq7r,pr2021178014,",22,0.1987,0.17,212,reviewed
us7000ei6c,"Line Islands, Kiribati region","Kiribati region","2021-06-27 09:50:43","2021-10-01 16:12:37",2021,6,27,Sunday,4.7,strong,mb,10,shallow,-154.8138,-3.2876,earthquake,0,",us,",us,NULL,1,1,0,",dyfi,origin,phase-data,",340,7000ei6c,",us7000ei6c,",45.59407818144721,5.914,0.67,54,reviewed
us6000eq7g,"56 km SW of Ashk?sham, Afghanistan",Afghanistan,"2021-06-27 09:07:23","2021-09-09 22:05:21",2021,6,27,Sunday,4.1,strong,mb,98.61,deep,71.1488,36.2779,earthquake,0,",us,",us,NULL,0,0,0,",origin,phase-data,",259,6000eq7g,",us6000eq7g,",45.59407818144721,0.963,0.74,106,reviewed
